city_ch;date;district;area;xiaoqu;price;sale
烟台;20181019;福山;奇泉;奇泉梨花村;9141;3
烟台;20181019;福山;奇泉;锦绣山庄;7710;14
烟台;20181019;福山;奇泉;颐景园;9545;2
烟台;20181019;福山;奇泉;福地尚苑;7901;0
烟台;20181019;福山;奇泉;锦绣山庄福霖居;8378;2
烟台;20181019;福山;奇泉;福兴花苑;0;0
烟台;20181019;福山;奇泉;县府街498号院;0;0
烟台;20181019;福山;奇泉;县府街432号;0;0
烟台;20181019;福山;奇泉;北方家纺家属楼;8754;4
烟台;20181019;开发区;福莱山公园;嵛景华城;10727;18
烟台;20181019;开发区;福莱山公园;海信依云小镇;10127;29
烟台;20181019;开发区;福莱山公园;金桥澎湖山庄;11766;18
烟台;20181019;开发区;福莱山公园;海天景苑;8718;15
烟台;20181019;开发区;福莱山公园;东方国际;8766;20
烟台;20181019;开发区;福莱山公园;文苑小区;11269;3
烟台;20181019;开发区;福莱山公园;福锦小区;8686;1
烟台;20181019;开发区;福莱山公园;嵛景华城五期;0;0
烟台;20181019;开发区;福莱山公园;羲龙公寓小区;0;0
烟台;20181019;莱山;石沟屯;万光观海花园;17587;12
烟台;20181019;莱山;石沟屯;鹿鸣小区;23093;3
烟台;20181019;莱山;石沟屯;元丰观海花苑;15221;4
烟台;20181019;莱山;石沟屯;公路小区;18860;9
烟台;20181019;莱山;石沟屯;新城北街;16319;19
烟台;20181019;莱山;石沟屯;泰安小区;16902;4
烟台;20181019;莱山;石沟屯;岱山小区西区;17505;7
烟台;20181019;莱山;石沟屯;岱山小区东区;17436;7
烟台;20181019;莱山;石沟屯;金海岸花园;20166;8
烟台;20181019;莱山;石沟屯;声远山庄;18289;9
烟台;20181019;莱山;石沟屯;宏福园;16593;9
烟台;20181019;莱山;石沟屯;电力小区;15796;12
烟台;20181019;莱山;石沟屯;御园;15319;1
烟台;20181019;莱山;石沟屯;新城中巷;17030;4
烟台;20181019;莱山;石沟屯;新城西巷;16651;0
烟台;20181019;莱山;石沟屯;新城南街;30374;3
烟台;20181019;莱山;石沟屯;黄海北路;8840;0
烟台;20181019;莱山;石沟屯;祥石路;16998;2
烟台;20181019;莱山;石沟屯;新城东巷;11431;0
烟台;20181019;莱山;石沟屯;紫东苑;22465;1
烟台;20181019;莱山;石沟屯;银海花园;0;0
烟台;20181019;莱山;石沟屯;山海风尚;7468;0
烟台;20181019;莱山;石沟屯;莱山区观海路56号;0;0
烟台;20181019;莱山;石沟屯;黄海娱乐城别墅;29818;1
烟台;20181019;莱山;石沟屯;测试楼盘;9732;0
烟台;20181019;莱山;黄海;万科御龙山;20912;8
烟台;20181019;莱山;黄海;黄海城市花园;16874;54
烟台;20181019;莱山;黄海;黄海城市花园玉兰园;15684;0
烟台;20181019;莱山;黄海;黄海国际中心;12362;7
烟台;20181019;莱山;黄海;黄海置地广场;15292;3
烟台;20181019;莱山;黄海;黄海别墅区;0;0
烟台;20181019;莱山;黄海;模拟楼盘-新人用;0;0
烟台;20181019;芝罘;凤凰台;玺萌橘子洲;9200;18
烟台;20181019;芝罘;凤凰台;越秀星汇凤凰;13876;8
烟台;20181019;芝罘;凤凰台;鼎城2008;8618;26
烟台;20181019;芝罘;凤凰台;金象泰温馨家园;12747;8
烟台;20181019;芝罘;凤凰台;凤凰台南街小区;9291;5
烟台;20181019;芝罘;凤凰台;凤凰台三街小区;8449;4
烟台;20181019;芝罘;凤凰台;凤凰台二街小区;8194;6
烟台;20181019;芝罘;凤凰台;凤凰台路;7081;2
烟台;20181019;芝罘;凤凰台;凤凰台五街;10325;2
烟台;20181019;芝罘;凤凰台;凤凰台一街小区;9330;0
烟台;20181019;芝罘;凤凰台;凤云巷;8643;1
烟台;20181019;芝罘;凤凰台;电厂东路;7621;3
烟台;20181019;芝罘;凤凰台;凤良巷小区;7386;2
烟台;20181019;芝罘;凤凰台;城发康和新城;11376;5
烟台;20181019;芝罘;凤凰台;阳光富景花园;13246;15
烟台;20181019;芝罘;凤凰台;建城西府;0;0
烟台;20181019;芝罘;凤凰台;万光金地佳园;9030;2
烟台;20181019;芝罘;凤凰台;只楚小区;7591;17
烟台;20181019;芝罘;凤凰台;锦绣新城一期;9627;6
烟台;20181019;芝罘;凤凰台;芝水小区;9261;5
烟台;20181019;芝罘;凤凰台;辰源雅景;0;0
烟台;20181019;芝罘;凤凰台;富春山居;0;0
烟台;20181019;芝罘;凤凰台;楚凤一街;8738;13
烟台;20181019;芝罘;凤凰台;锦绣新城三期;8493;5
烟台;20181019;芝罘;凤凰台;春都花园;9381;4
烟台;20181019;芝罘;凤凰台;春晟花园;9762;7
烟台;20181019;芝罘;凤凰台;世嘉岭秀;0;0
烟台;20181019;芝罘;凤凰台;南仓小区;7036;7
烟台;20181019;芝罘;凤凰台;凤凰台四街;9710;3
烟台;20181019;芝罘;凤凰台;玺萌长河印象;8674;0
烟台;20181019;芝罘;凤凰台;锦绣花园;6230;6
烟台;20181019;芝罘;凤凰台;万光希望家园;8690;3
烟台;20181019;芝罘;凤凰台;华乐家园;7688;0
烟台;20181019;芝罘;凤凰台;锦绣新城二期;9795;9
烟台;20181019;芝罘;凤凰台;楚盛现代城;7934;0
烟台;20181019;芝罘;凤凰台;芝水玺山花园;0;0
烟台;20181019;芝罘;凤凰台;芝华名第;0;0
烟台;20181019;芝罘;凤凰台;珠玑春华小区;9199;0
烟台;20181019;芝罘;凤凰台;珠玑小区;5767;3
烟台;20181019;芝罘;凤凰台;德信润福园;9556;0
烟台;20181019;芝罘;凤凰台;春天花园;0;0
烟台;20181019;芝罘;凤凰台;西花园小区;9773;0
烟台;20181019;芝罘;凤凰台;双新大厦;6593;2
烟台;20181019;芝罘;凤凰台;楚凤六街;9100;1
烟台;20181019;芝罘;凤凰台;佳隆凤凰公馆;0;1
烟台;20181019;芝罘;凤凰台;城发泰颐新城;0;0
烟台;20181019;芝罘;凤凰台;铁路小区;10993;1
烟台;20181019;芝罘;凤凰台;明珠路西小区;7932;0
烟台;20181019;芝罘;凤凰台;宝珠路西小区;8052;2
烟台;20181019;芝罘;凤凰台;香山的院子;0;0
烟台;20181019;芝罘;凤凰台;锦绣新城四期;0;0
烟台;20181019;芝罘;凤凰台;宫家岛小区;7232;0
烟台;20181019;芝罘;凤凰台;孙家庄小区;8122;0
烟台;20181019;芝罘;凤凰台;宝珠路东小区;0;0
烟台;20181019;芝罘;凤凰台;发电厂宿舍;0;0
烟台;20181019;芝罘;凤凰台;烟台春华小区;0;0
烟台;20181019;芝罘;凤凰台;楚凤三街;8794;0
烟台;20181019;芝罘;凤凰台;东南哨;6972;1
烟台;20181019;芝罘;凤凰台;青山翠谷;0;0
烟台;20181019;芝罘;凤凰台;凤凰台小区;0;0
烟台;20181019;芝罘;凤凰台;福斯达小区;0;0
烟台;20181019;芝罘;凤凰台;烟台市政排水管理处家属楼;0;0
烟台;20181019;芝罘;厚安;辛庄街;12823;26
烟台;20181019;芝罘;厚安;福莱花苑;19766;12
烟台;20181019;芝罘;厚安;环山路;20283;46
烟台;20181019;芝罘;厚安;桃花街;12065;21
烟台;20181019;芝罘;厚安;云龙里;18684;17
烟台;20181019;芝罘;厚安;迎祥路;18944;28
烟台;20181019;芝罘;厚安;福来里;9719;17
烟台;20181019;芝罘;厚安;平安街;14392;8
烟台;20181019;芝罘;厚安;华茂街;8843;7
烟台;20181019;芝罘;厚安;新平街;12136;3
烟台;20181019;芝罘;厚安;升平街;20309;6
烟台;20181019;芝罘;厚安;面市街;12608;10
烟台;20181019;芝罘;厚安;三道街;12238;16
烟台;20181019;芝罘;厚安;忠义街;9918;8
烟台;20181019;芝罘;厚安;北海大院;23460;5
烟台;20181019;芝罘;厚安;西南关南街;11177;8
烟台;20181019;芝罘;厚安;东仓甫巷;19314;4
烟台;20181019;芝罘;厚安;东南街;12513;7
烟台;20181019;芝罘;厚安;向阳街;9716;9
烟台;20181019;芝罘;厚安;兴隆街;14034;5
烟台;20181019;芝罘;厚安;菜市街;14007;6
烟台;20181019;芝罘;厚安;向阳里;9554;4
烟台;20181019;芝罘;厚安;东南台子;11772;5
烟台;20181019;芝罘;厚安;阜民街;12434;1
烟台;20181019;芝罘;厚安;丹桂街;11038;1
烟台;20181019;芝罘;厚安;西南关中街;10299;8
烟台;20181019;芝罘;厚安;丹桂西街;10656;3
烟台;20181019;芝罘;厚安;北河街;16600;3
烟台;20181019;芝罘;厚安;北大街;18514;6
烟台;20181019;芝罘;厚安;延估里;12400;2
烟台;20181019;芝罘;厚安;向善街;11298;1
烟台;20181019;芝罘;厚安;大南关街;9017;5
烟台;20181019;芝罘;厚安;信义街;9453;3
烟台;20181019;芝罘;厚安;利通街;14267;1
烟台;20181019;芝罘;厚安;午台街;12499;0
烟台;20181019;芝罘;厚安;海关街;9168;0
烟台;20181019;芝罘;厚安;荣泰街;13180;2
烟台;20181019;芝罘;厚安;德润街;10064;3
烟台;20181019;芝罘;厚安;东关中街;9834;2
烟台;20181019;芝罘;厚安;毓祥街;11197;2
烟台;20181019;芝罘;厚安;顺太街;21227;1
烟台;20181019;芝罘;厚安;西南台子;11979;3
烟台;20181019;芝罘;厚安;海滨街;11071;0
烟台;20181019;芝罘;厚安;瑞成街;7945;0
烟台;20181019;芝罘;厚安;云龙街;0;0
烟台;20181019;芝罘;厚安;小太平街;12283;0
烟台;20181019;芝罘;厚安;广丰街;10289;1
烟台;20181019;芝罘;厚安;昇平街;0;0
烟台;20181019;芝罘;厚安;招德街;12264;0
烟台;20181019;芝罘;厚安;西南关街;7490;0
烟台;20181019;芝罘;厚安;东太平街;0;0
烟台;20181019;芝罘;厚安;海岸街;9692;0
烟台;20181019;芝罘;厚安;瀛洲街;12372;3
烟台;20181019;芝罘;厚安;世纪金泉花园小区;0;0
烟台;20181019;芝罘;厚安;海韵閣;0;0
烟台;20181019;芝罘;厚安;华茂大厦;0;0
烟台;20181019;芝罘;厚安;虹口路;0;0
烟台;20181019;芝罘;厚安;厚安小区;0;0
烟台;20181019;芝罘;厚安;三道兴隆街;14612;0
烟台;20181019;芝罘;厚安;南门里;8603;0
烟台;20181019;芝罘;厚安;华夏传媒;0;0
烟台;20181019;芝罘;厚安;烟中大厦;0;2
烟台;20181019;芝罘;文化路;大海阳南街;10706;12
烟台;20181019;芝罘;文化路;黄山南街;9002;4
烟台;20181019;芝罘;文化路;毓璜顶西路;19923;7
烟台;20181019;芝罘;文化路;银都国际金融中心;12014;0
烟台;20181019;芝罘;文化路;仁里街;10691;4
烟台;20181019;芝罘;文化路;文化二巷;9722;12
烟台;20181019;芝罘;文化路;文化五巷;9671;4
烟台;20181019;芝罘;文化路;文化宫西街;9794;1
烟台;20181019;芝罘;文化路;文化宫后街;9619;5
烟台;20181019;芝罘;文化路;文化四巷;9085;10
烟台;20181019;芝罘;文化路;黄山东街;7561;11
烟台;20181019;芝罘;文化路;文化一巷;9899;0
烟台;20181019;芝罘;文化路;大海阳东街;9469;5
烟台;20181019;芝罘;文化路;金鑫家苑;14177;3
烟台;20181019;芝罘;文化路;安乐胡同;8754;3
烟台;20181019;芝罘;文化路;文化三巷;8136;4
烟台;20181019;芝罘;文化路;文化南街;8839;0
烟台;20181019;芝罘;文化路;文化宫南街;10554;2
烟台;20181019;芝罘;文化路;文化路;10685;5
烟台;20181019;芝罘;文化路;毓西路;13171;4
烟台;20181019;芝罘;文化路;文化十四巷;9043;7
烟台;20181019;芝罘;文化路;文化六巷;9903;3
烟台;20181019;芝罘;文化路;文化十一巷;9664;11
烟台;20181019;芝罘;文化路;文化九巷;7899;0
烟台;20181019;芝罘;文化路;文化八巷;8943;2
烟台;20181019;芝罘;文化路;黄山街;0;0
烟台;20181019;芝罘;文化路;大海阳中街;8976;2
烟台;20181019;芝罘;文化路;文化十三巷;8840;1
烟台;20181019;芝罘;文化路;大海阳社区;0;0
烟台;20181019;芝罘;文化路;文化七巷;11361;0
烟台;20181019;芝罘;文化路;文化苑社区;0;0
烟台;20181019;芝罘;文化路;烟台市住房管理公司住宅楼;0;0
烟台;20181019;芝罘;文化路;文化十二巷;6049;0
烟台;20181019;芝罘;文化路;文化宫大厦;0;0
烟台;20181019;芝罘;文化路;迎春巷;10458;2
烟台;20181019;开发区;德胜;银和怡海花园;15005;9
烟台;20181019;开发区;德胜;夹河苑;12322;5
烟台;20181019;开发区;德胜;丹阳小区;10155;31
烟台;20181019;开发区;德胜;海阔天高;6827;32
烟台;20181019;开发区;德胜;华电小区;9222;21
烟台;20181019;开发区;德胜;金域河畔;11173;10
烟台;20181019;开发区;德胜;金东小区;9628;22
烟台;20181019;开发区;德胜;香山花园;9807;13
烟台;20181019;开发区;德胜;旭日小区;10003;13
烟台;20181019;开发区;德胜;金东世纪A;7247;25
烟台;20181019;开发区;德胜;金胜小区;10724;27
烟台;20181019;开发区;德胜;银芝小区;9866;19
烟台;20181019;开发区;德胜;海澜花园;7077;10
烟台;20181019;开发区;德胜;银海花苑;11129;9
烟台;20181019;开发区;德胜;晨光小区;9712;10
烟台;20181019;开发区;德胜;临海君天下;10831;13
烟台;20181019;开发区;德胜;海滨花园;12530;1
烟台;20181019;开发区;德胜;静海国际公寓;9197;4
烟台;20181019;开发区;德胜;金东世纪B;10516;2
烟台;20181019;开发区;德胜;新世纪现代公寓;8417;5
烟台;20181019;开发区;德胜;永兴花园;10185;1
烟台;20181019;开发区;德胜;华明大厦;8041;11
烟台;20181019;开发区;德胜;天一大厦;8145;1
烟台;20181019;开发区;德胜;海鹰大厦;6766;3
烟台;20181019;开发区;德胜;黄山花苑;13160;2
烟台;20181019;开发区;德胜;天马中心广场;12043;3
烟台;20181019;开发区;德胜;I-6新时代小区;6850;0
烟台;20181019;开发区;德胜;恒达大厦;7970;11
烟台;20181019;开发区;德胜;新世纪商贸大厦;7746;4
烟台;20181019;开发区;德胜;天一苑小区;10995;1
烟台;20181019;开发区;德胜;金力大厦;6537;1
烟台;20181019;开发区;德胜;念慈别墅;28304;2
烟台;20181019;开发区;德胜;泰山名座;9469;8
烟台;20181019;开发区;德胜;金沙滩花园小区;11578;1
烟台;20181019;开发区;德胜;福海苑;0;0
烟台;20181019;开发区;德胜;香江公寓;0;0
烟台;20181019;开发区;德胜;念慈名人家园;0;1
烟台;20181019;开发区;德胜;永兴大厦;8347;3
烟台;20181019;开发区;德胜;海诺大厦;7766;0
烟台;20181019;开发区;德胜;友谊大厦;6369;0
烟台;20181019;开发区;德胜;海伴雅居;0;0
烟台;20181019;开发区;德胜;菁华公寓;0;0
烟台;20181019;开发区;德胜;泰山路17号;0;0
烟台;20181019;开发区;德胜;烟台开发区医院家属楼;0;0
烟台;20181019;开发区;德胜;祥和公寓;0;0
烟台;20181019;开发区;德胜;隆昌公寓;0;0
烟台;20181019;开发区;德胜;彩云城;0;0
烟台;20181019;开发区;德胜;新港商住楼;0;11
烟台;20181019;开发区;德胜;佰和数码广场;10090;3
烟台;20181019;莱山;山海南路;保利香榭里公馆;14342;50
烟台;20181019;莱山;山海南路;南山丽景花园;13220;47
烟台;20181019;莱山;山海南路;中铁逸都;14140;65
烟台;20181019;莱山;山海南路;天籁花园;13553;38
烟台;20181019;莱山;山海南路;碧桂园凤凰山庄;13795;1
烟台;20181019;莱山;山海南路;山之韵;0;1
烟台;20181019;莱山;山海南路;锦绣好家;0;4
烟台;20181019;莱山;山海南路;滨湖万丽;0;0
烟台;20181019;莱山;山海南路;弘邦宝第;0;0
烟台;20181019;莱山;山海南路;天籁中园;12855;0
烟台;20181019;莱山;山海南路;祥隆都会里;0;0
烟台;20181019;莱山;山海南路;铂悦戴斯酒店;0;0
烟台;20181019;莱山;山海南路;盛基·总部壹号;0;0
烟台;20181019;芝罘;三站;东方巴黎;11804;51
烟台;20181019;芝罘;三站;振华国际广场;12163;46
烟台;20181019;芝罘;三站;阳光御景花园;12815;8
烟台;20181019;芝罘;三站;大海阳路;9688;28
烟台;20181019;芝罘;三站;万科翡翠公园;0;0
烟台;20181019;芝罘;三站;德蚨家园;0;0
烟台;20181019;芝罘;三站;黎明山庄;8856;2
烟台;20181019;芝罘;三站;三水佳苑;9728;10
烟台;20181019;芝罘;三站;通伸南街;8925;8
烟台;20181019;芝罘;三站;光明花园;11159;5
烟台;20181019;芝罘;三站;西炮台东路;11055;6
烟台;20181019;芝罘;三站;芝罘屯路;8513;14
烟台;20181019;芝罘;三站;西山颐苑小区;11827;0
烟台;20181019;芝罘;三站;交通委家属楼;8248;7
烟台;20181019;芝罘;三站;供销家园;12716;2
烟台;20181019;芝罘;三站;西山汇源小区;9332;4
烟台;20181019;芝罘;三站;建城颐苑;0;0
烟台;20181019;芝罘;三站;西山路;8221;12
烟台;20181019;芝罘;三站;同和馨苑;19965;3
烟台;20181019;芝罘;三站;新安西巷;8760;8
烟台;20181019;芝罘;三站;泓润华府;0;0
烟台;20181019;芝罘;三站;巴黎公社;6904;2
烟台;20181019;芝罘;三站;通伸西街;9918;4
烟台;20181019;芝罘;三站;通伸西巷;8641;3
烟台;20181019;芝罘;三站;凯旋大厦;5557;3
烟台;20181019;芝罘;三站;前进路;8562;1
烟台;20181019;芝罘;三站;三水国际商务大厦;10751;0
烟台;20181019;芝罘;三站;通伸北街;6712;0
烟台;20181019;芝罘;三站;西盛四巷;8249;2
烟台;20181019;芝罘;三站;经纶街;12335;0
烟台;20181019;芝罘;三站;世昌街;10006;1
烟台;20181019;芝罘;三站;西盛街;8926;3
烟台;20181019;芝罘;三站;东方银座;7358;3
烟台;20181019;芝罘;三站;永安里;10425;2
烟台;20181019;芝罘;三站;新建东巷;9429;1
烟台;20181019;芝罘;三站;新春巷;9414;2
烟台;20181019;芝罘;三站;西炮台路6号;10113;0
烟台;20181019;芝罘;三站;三明街;9994;1
烟台;20181019;芝罘;三站;西盛五巷;13533;0
烟台;20181019;芝罘;三站;中大公寓;0;0
烟台;20181019;芝罘;三站;西塂;8084;1
烟台;20181019;芝罘;三站;烟台铁路南山小区;0;0
烟台;20181019;芝罘;三站;鲁东国际;0;0
烟台;20181019;芝罘;三站;第一大道;8849;0
烟台;20181019;芝罘;三站;明春巷;10902;6
烟台;20181019;芝罘;三站;云顶城;0;0
烟台;20181019;芝罘;三站;北极星花园东区;12055;0
烟台;20181019;芝罘;三站;集贤小区;9697;1
烟台;20181019;芝罘;三站;青年路10号;8995;0
烟台;20181019;芝罘;三站;南大街158号;0;0
烟台;20181019;芝罘;三站;西大街;0;0
烟台;20181019;芝罘;三站;宴芳中街;0;0
烟台;20181019;芝罘;三站;润隆大厦;0;0
烟台;20181019;芝罘;三站;德胜兴业广场;10549;0
烟台;20181019;芝罘;三站;烟钢大厦;0;0
烟台;20181019;芝罘;三站;创富中心;0;6
烟台;20181019;芝罘;三站;三水现代SOHO城;8497;3
烟台;20181019;高新区;科技大道;中海国际社区;11736;39
烟台;20181019;高新区;科技大道;金海名园;13928;29
烟台;20181019;高新区;科技大道;中海紫御公馆;12698;33
烟台;20181019;高新区;科技大道;福地隆城;12576;19
烟台;20181019;高新区;科技大道;海天雅筑;10791;19
烟台;20181019;高新区;科技大道;保利爱尚海;0;0
烟台;20181019;高新区;科技大道;澜怡园小区;12805;7
烟台;20181019;高新区;科技大道;祥隆理想城;0;1
烟台;20181019;高新区;科技大道;中海海悦府;14530;6
烟台;20181019;高新区;科技大道;中盛国际;0;2
烟台;20181019;高新区;科技大道;正元怡居 ;0;2
烟台;20181019;高新区;科技大道;城发海科大厦;0;0
烟台;20181019;高新区;科技大道;蓝色智谷互联网+综合体;0;0
烟台;20181019;高新区;科技大道;滨海新城草埠新区;0;0
烟台;20181019;开发区;星颐广场;碧海云天;14017;19
烟台;20181019;开发区;星颐广场;黄海小区;10920;20
烟台;20181019;开发区;星颐广场;蔚蓝海岸;14624;5
烟台;20181019;开发区;星颐广场;星海花园;13328;21
烟台;20181019;开发区;星颐广场;金城小区;9028;28
烟台;20181019;开发区;星颐广场;三和星海花园;12964;8
烟台;20181019;开发区;星颐广场;凤台小区;10453;51
烟台;20181019;开发区;星颐广场;听涛花园;12437;1
烟台;20181019;开发区;星颐广场;星颐广场;13303;18
烟台;20181019;开发区;星颐广场;黄海别墅;22115;1
烟台;20181019;开发区;星颐广场;星海小区;10080;3
烟台;20181019;开发区;星颐广场;天地景苑;11557;0
烟台;20181019;开发区;星颐广场;万泰海公馆;10471;14
烟台;20181019;开发区;星颐广场;亲海翠苑;10053;8
烟台;20181019;开发区;星颐广场;阳光嘉园;11232;1
烟台;20181019;开发区;星颐广场;科信佳园;9609;9
烟台;20181019;开发区;星颐广场;恒达海鑫花园;0;1
烟台;20181019;开发区;星颐广场;阳光花园;13249;0
烟台;20181019;开发区;星颐广场;正大国际公寓;6266;5
烟台;20181019;开发区;星颐广场;富饶中心;0;0
烟台;20181019;开发区;星颐广场;鑫源大厦;8831;3
烟台;20181019;开发区;星颐广场;星海广场;9236;0
烟台;20181019;开发区;星颐广场;中信大厦;0;0
烟台;20181019;开发区;星颐广场;福星大厦;0;0
烟台;20181019;开发区;星颐广场;恒达黄海公馆;0;0
烟台;20181019;开发区;星颐广场;蓝天国际大厦;9149;1
烟台;20181019;开发区;星颐广场;嵩山路29号;0;0
烟台;20181019;开发区;星颐广场;麒麟山庄;0;0
烟台;20181019;开发区;星颐广场;怡苑花园;0;0
烟台;20181019;开发区;星颐广场;怡苑花园;0;0
烟台;20181019;开发区;星颐广场;海情花园别墅;18035;1
烟台;20181019;开发区;星颐广场;福星大厦2期;9126;2
烟台;20181019;开发区;星颐广场;科信大厦;0;0
烟台;20181019;开发区;星颐广场;通发商城;0;0
烟台;20181019;开发区;星颐广场;电子大厦;0;1
烟台;20181019;莱山;迟家;黄海明珠山庄;22221;12
烟台;20181019;莱山;迟家;万泰麓溪公馆;20390;16
烟台;20181019;莱山;迟家;新星西巷;17338;8
烟台;20181019;莱山;迟家;新星南街;19762;11
烟台;20181019;莱山;迟家;茂源碧海山庄;22321;2
烟台;20181019;莱山;迟家;新星北街;16064;7
烟台;20181019;莱山;迟家;泰安路;17450;3
烟台;20181019;莱山;迟家;新星东巷;12814;0
烟台;20181019;莱山;迟家;鹿鸣北区;21848;0
烟台;20181019;莱山;迟家;黄海明珠中心;0;0
烟台;20181019;芝罘;通世南路;山水龙城·依林苑;13605;8
烟台;20181019;芝罘;通世南路;山水龙城·依山苑;13840;9
烟台;20181019;芝罘;通世南路;通世新城;0;2
烟台;20181019;芝罘;通世南路;合创公馆;9161;23
烟台;20181019;芝罘;通世南路;山居郦城;0;0
烟台;20181019;芝罘;通世南路;山水龙城·望山苑;13789;5
烟台;20181019;芝罘;通世南路;山水龙城·崎山苑;12854;11
烟台;20181019;芝罘;通世南路;星尚SOHO;0;0
烟台;20181019;芝罘;通世南路;怡丰佳苑;11164;0
烟台;20181019;芝罘;通世南路;朗郡;0;1
烟台;20181019;芝罘;通世南路;山水龙城北秀苑;13431;7
烟台;20181019;芝罘;通世南路;优山美地;0;0
烟台;20181019;芝罘;通世南路;初家卧龙小区;6512;0
烟台;20181019;芝罘;通世南路;山水龙城天悦;0;0
烟台;20181019;芝罘;通世南路;山水龙城蝶苑;0;0
烟台;20181019;芝罘;通世南路;新城国际广场·本公馆;0;1
烟台;20181019;芝罘;通世南路;山水龙城·竹里苑;0;0
烟台;20181019;芝罘;通世南路;QQ公馆;0;0
烟台;20181019;芝罘;通世南路;东林伴山名郡;0;0
烟台;20181019;芝罘;通世南路;泰晤士新城;9255;2
烟台;20181019;芝罘;通世南路;天鹅堡;0;0
烟台;20181019;芝罘;通世南路;星尚花园酒店;0;0
烟台;20181019;芝罘;通世南路;泰晤士新城·智谷别墅;0;0
烟台;20181019;芝罘;通世南路;山水龙城·远翠苑;0;0
烟台;20181019;芝罘;通世南路;竹里苑;0;0
烟台;20181019;芝罘;通世南路;山水龙城山湖郡;0;0
烟台;20181019;芝罘;通世南路;怡聚德广场;0;2
烟台;20181019;芝罘;通世南路;万科西雅图;0;0
烟台;20181019;芝罘;通世南路;天安山水龙城L区;0;0
烟台;20181019;芝罘;通世南路;迷你小区;0;1
烟台;20181019;莱山;后七夼;御景观城;23637;17
烟台;20181019;莱山;后七夼;台湾村;21787;13
烟台;20181019;莱山;后七夼;桃源一品;24004;9
烟台;20181019;莱山;后七夼;海滨花园小区梓林街;16726;12
烟台;20181019;莱山;后七夼;海滨花园小区彩辉街;15932;11
烟台;20181019;莱山;后七夼;海滨花园小区柳林路;15441;4
烟台;20181019;莱山;后七夼;响水湾山庄;23925;6
烟台;20181019;莱山;后七夼;观海路8号;0;2
烟台;20181019;莱山;后七夼;海滨花园小区宏川路;17129;12
烟台;20181019;莱山;后七夼;佳隆山庄;16576;4
烟台;20181019;莱山;后七夼;红旗花园;16187;0
烟台;20181019;莱山;后七夼;检察院小区;20423;2
烟台;20181019;莱山;后七夼;国翠;23864;7
烟台;20181019;莱山;后七夼;海滨花园小区富夼街;16096;10
烟台;20181019;莱山;后七夼;鲁花东上海赋;22139;8
烟台;20181019;莱山;后七夼;海景花园;13121;8
烟台;20181019;莱山;后七夼;云顶蓝山;19394;1
烟台;20181019;莱山;后七夼;康复路小区;15174;6
烟台;20181019;莱山;后七夼;红旗路;11298;0
烟台;20181019;莱山;后七夼;名敦道小区;0;1
烟台;20181019;莱山;后七夼;塔山路;0;0
烟台;20181019;莱山;后七夼;润利大厦;0;1
烟台;20181019;莱山;三滩社区;大华上海滩花园;12529;91
烟台;20181019;莱山;三滩社区;德尚世家;13904;32
烟台;20181019;莱山;三滩社区;德尚世家上品;12758;15
烟台;20181019;莱山;三滩社区;万科翡翠湾;0;0
烟台;20181019;莱山;三滩社区;孙家滩小区;13287;2
烟台;20181019;莱山;三滩社区;揽胜公馆;7616;9
烟台;20181019;莱山;三滩社区;学府小区;0;0
烟台;20181019;莱山;三滩社区;东方花园;9236;0
烟台;20181019;莱山;三滩社区;飞龙金滩花园;0;0
烟台;20181019;莱山;三滩社区;金桥花园;0;0
烟台;20181019;莱山;南塂;暖山国际;9118;22
烟台;20181019;莱山;南塂;澳柯玛小区;11607;20
烟台;20181019;莱山;南塂;同德花园;0;1
烟台;20181019;莱山;南塂;万光山海城;0;0
烟台;20181019;莱山;南塂;美亚国际商务公寓;8780;3
烟台;20181019;莱山;南塂;杰瑞·棠樾;0;0
烟台;20181019;莱山;南塂;乐窝青年创客公寓;0;0
烟台;20181019;莱山;南塂;浦昌路28号综合楼;0;0
烟台;20181019;莱山;南塂;南塂小区;0;0
烟台;20181019;牟平;莱山周边;金地格林世界;12663;11
烟台;20181019;牟平;莱山周边;金地首府;12146;14
烟台;20181019;牟平;莱山周边;逸品香山;0;0
烟台;20181019;牟平;莱山周边;金地首府别墅;18229;3
烟台;20181019;牟平;莱山周边;清泉山湖大院;0;1
烟台;20181019;牟平;莱山周边;金地格林梦想+;11365;9
烟台;20181019;牟平;莱山周边;源山郡;0;0
烟台;20181019;牟平;莱山周边;东方海洋保税花园;0;0
烟台;20181019;牟平;莱山周边;烟台秀林集团;0;0
烟台;20181019;牟平;莱山周边;莱山工业园;0;0
烟台;20181019;牟平;牟平;天房檀珑湾;7119;49
烟台;20181019;牟平;牟平;融创迩海;8852;15
烟台;20181019;牟平;牟平;龙湖葡醍海湾;13423;54
烟台;20181019;牟平;牟平;力高阳光海岸;11538;8
烟台;20181019;牟平;牟平;金地澜悦;8709;25
烟台;20181019;牟平;牟平;云海香都;6894;43
烟台;20181019;牟平;牟平;紫金山庄;8101;9
烟台;20181019;牟平;牟平;慢城宁海;5340;31
烟台;20181019;牟平;牟平;龙湖时代公馆;8379;5
烟台;20181019;牟平;牟平;安德利迎海花园;7372;9
烟台;20181019;牟平;牟平;龙湖唐宁ONE;8711;2
烟台;20181019;牟平;牟平;官庄豪庭;0;0
烟台;20181019;牟平;牟平;石药健康城;0;0
烟台;20181019;牟平;牟平;紫金花园;6493;17
烟台;20181019;牟平;牟平;山海龙城一期;8273;10
烟台;20181019;牟平;牟平;东华苑;6275;5
烟台;20181019;牟平;牟平;丰金紫金山庄;0;0
烟台;20181019;牟平;牟平;中冶沁海云墅;0;2
烟台;20181019;牟平;牟平;金象泰·十里洋房;12554;4
烟台;20181019;牟平;牟平;海屿公元;7091;11
烟台;20181019;牟平;牟平;海逸国际;0;1
烟台;20181019;牟平;牟平;曙光小区;5095;10
烟台;20181019;牟平;牟平;富丽紫玉花园;7403;5
烟台;20181019;牟平;牟平;建源山海龙城;8228;2
烟台;20181019;牟平;牟平;华岳西丽海岸;0;0
烟台;20181019;牟平;牟平;东华丽景花园;6495;5
烟台;20181019;牟平;牟平;中央公园;6183;3
烟台;20181019;牟平;牟平;中梁海志府;0;0
烟台;20181019;牟平;牟平;天福新城;0;1
烟台;20181019;牟平;牟平;领海公馆;7421;7
烟台;20181019;牟平;牟平;东油小区北区;4411;9
烟台;20181019;牟平;牟平;安德利花园A区;7823;1
烟台;20181019;牟平;牟平;西苑小区;3878;2
烟台;20181019;牟平;牟平;世纪花园;3721;4
烟台;20181019;牟平;牟平;瀛洲宁海;7365;2
烟台;20181019;牟平;牟平;星泰花园;4911;1
烟台;20181019;牟平;牟平;东华城市花园;5237;12
烟台;20181019;牟平;牟平;康泰苑;8036;4
烟台;20181019;牟平;牟平;春霖·悦湖;0;0
烟台;20181019;牟平;牟平;招商依云水岸;0;0
烟台;20181019;牟平;牟平;安德利花园B区;0;0
烟台;20181019;牟平;牟平;东油南区;4890;7
烟台;20181019;牟平;牟平;富苑新城;0;0
烟台;20181019;牟平;牟平;智慧领域;0;0
烟台;20181019;牟平;牟平;天翔茗苑;0;0
烟台;20181019;牟平;牟平;大都汇公馆;0;0
烟台;20181019;牟平;牟平;富邦•逅海小镇;0;0
烟台;20181019;牟平;牟平;龙湖紫云台;0;0
烟台;20181019;牟平;牟平;新潮尚书台;0;1
烟台;20181019;牟平;牟平;金汇新区;0;0
烟台;20181019;牟平;牟平;吉安悦城;0;1
烟台;20181019;牟平;牟平;廣聯花園;4547;6
烟台;20181019;牟平;牟平;双涛苑;0;0
烟台;20181019;牟平;牟平;盛世观邸;0;1
烟台;20181019;牟平;牟平;牟城春天;0;0
烟台;20181019;牟平;牟平;原石滩;12836;1
烟台;20181019;牟平;牟平;龙湖花屿墅;29737;0
烟台;20181019;牟平;牟平;沙河崖小区;3975;0
烟台;20181019;牟平;牟平;翡翠康城;0;0
烟台;20181019;牟平;牟平;天成花苑;7110;2
烟台;20181019;牟平;牟平;翰林晨苑;5761;0
烟台;20181019;牟平;牟平;恒大御景半岛;0;0
烟台;20181019;牟平;牟平;岛湾1号;0;0
烟台;20181019;牟平;牟平;鲁鑫·锦绣豪庭;5766;1
烟台;20181019;牟平;牟平;天和新城;0;0
烟台;20181019;牟平;牟平;天境昆嵛中国院子;0;0
烟台;20181019;牟平;牟平;长寿城;0;0
烟台;20181019;牟平;牟平;东泰百合苑;0;0
烟台;20181019;牟平;牟平;龙门杰座;4920;1
烟台;20181019;牟平;牟平;东方阳光海岸小区;0;0
烟台;20181019;牟平;牟平;天润家园;0;0
烟台;20181019;牟平;牟平;崇文花园;6668;0
烟台;20181019;牟平;牟平;顺正小区;4914;3
烟台;20181019;牟平;牟平;百合馨苑;6633;6
烟台;20181019;牟平;牟平;新城花苑;6309;1
烟台;20181019;牟平;牟平;金辉花园;0;2
烟台;20181019;牟平;牟平;嘉日华庭;5887;2
烟台;20181019;牟平;牟平;富海新城;5899;6
烟台;20181019;牟平;牟平;健成水漾花城;0;0
烟台;20181019;牟平;牟平;梅苑二区;0;1
烟台;20181019;牟平;牟平;正阳花园;0;1
烟台;20181019;牟平;牟平;隆兴家园;0;0
烟台;20181019;牟平;牟平;双良福源;0;0
烟台;20181019;牟平;牟平;官庄;0;0
烟台;20181019;牟平;牟平;龙泉御府;0;0
烟台;20181019;牟平;牟平;蓝天城市广场;0;0
烟台;20181019;牟平;牟平;富海花园;0;0
烟台;20181019;牟平;牟平;坤盛花园;7521;0
烟台;20181019;牟平;牟平;新牟小区;4271;0
烟台;20181019;牟平;牟平;富海花园;0;0
烟台;20181019;牟平;牟平;坤盛花园;7521;0
烟台;20181019;牟平;牟平;龙泉御府;0;0
烟台;20181019;牟平;牟平;官庄;0;0
烟台;20181019;牟平;牟平;宝隆宸;0;0
烟台;20181019;牟平;牟平;龙泉温泉嘉苑;0;0
烟台;20181019;牟平;牟平;新牟小区;4271;0
烟台;20181019;牟平;牟平;西桂小区;0;0
烟台;20181019;牟平;牟平;意祥一品洋房;0;1
烟台;20181019;牟平;牟平;阳光名居;0;1
烟台;20181019;牟平;牟平;兴岛路82号;0;1
烟台;20181019;牟平;牟平;鑫荟金行;0;0
烟台;20181019;牟平;牟平;西桂里小区;6706;0
烟台;20181019;牟平;牟平;蓝天佳苑;0;0
烟台;20181019;牟平;牟平;相信花园;0;1
烟台;20181019;牟平;牟平;卢峰溪谷;0;0
烟台;20181019;牟平;牟平;恒邦金帝御景;0;0
烟台;20181019;牟平;牟平;源泰沁河苑;0;0
烟台;20181019;牟平;牟平;福临家园;0;0
烟台;20181019;牟平;牟平;世达广场;0;0
烟台;20181019;牟平;牟平;昆山华府二期;0;0
烟台;20181019;牟平;牟平;安德利迎海度假酒店;0;0
烟台;20181019;牟平;牟平;37°假期温泉花园;0;0
烟台;20181019;牟平;牟平;梅苑四区;0;0
烟台;20181019;牟平;牟平;雷神庙中心社区;0;0
烟台;20181019;牟平;牟平;河滨佳苑;0;0
烟台;20181019;牟平;牟平;福桥小区;0;0
烟台;20181019;牟平;牟平;文化里村;0;0
烟台;20181019;牟平;牟平;海达华庭;0;0
烟台;20181019;牟平;牟平;农商小区;0;0
烟台;20181019;牟平;牟平;安德利山水名郡;0;0
烟台;20181019;牟平;牟平;银和怡海公馆;0;0
烟台;20181019;牟平;牟平;三缘温泉花园;0;0
烟台;20181019;牟平;牟平;隆兴花园;0;0
烟台;20181019;牟平;牟平;利民小区;0;0
烟台;20181019;牟平;牟平;北银小区;0;0
烟台;20181019;牟平;牟平;天隆商住大厦;0;0
烟台;20181019;牟平;牟平;二轻家属楼;0;0
烟台;20181019;牟平;牟平;金属小区;0;0
烟台;20181019;牟平;牟平;新潮二号小区;0;0
烟台;20181019;牟平;牟平;杜家村金汇花園;0;0
烟台;20181019;牟平;牟平;盛和家园;0;0
烟台;20181019;牟平;牟平;隆兴花园;0;0
烟台;20181019;牟平;牟平;雙良家園;0;0
烟台;20181019;牟平;牟平;董家疃;0;0
烟台;20181019;牟平;牟平;沁水河五建家属楼;0;1
烟台;20181019;牟平;牟平;水产家属楼;0;0
烟台;20181019;牟平;牟平;怡馨园;0;0
烟台;20181019;牟平;牟平;润和佳苑;0;0
烟台;20181019;牟平;牟平;邵家巷服装厂宿舍楼;0;0
烟台;20181019;牟平;牟平;龙湖时代星河;0;0
烟台;20181019;牟平;牟平;清华苑;0;0
烟台;20181019;牟平;牟平;东方御景;0;0
烟台;20181019;牟平;牟平;金沙地小区;0;0
烟台;20181019;牟平;牟平;腾远花苑;0;0
烟台;20181019;牟平;牟平;昆山华府二期;0;0
烟台;20181019;牟平;牟平;安德利迎海度假酒店;0;0
烟台;20181019;牟平;牟平;37°假期温泉花园;0;0
烟台;20181019;牟平;牟平;杜家村金汇花園;0;0
烟台;20181019;牟平;牟平;盛和家园;0;0
烟台;20181019;牟平;牟平;隆兴花园;0;0
烟台;20181019;牟平;牟平;雙良家園;0;0
烟台;20181019;牟平;牟平;董家疃;0;0
烟台;20181019;牟平;牟平;沁水河五建家属楼;0;1
烟台;20181019;牟平;牟平;水产家属楼;0;0
烟台;20181019;牟平;牟平;怡馨园;0;0
烟台;20181019;牟平;牟平;润和佳苑;0;0
烟台;20181019;牟平;牟平;邵家巷服装厂宿舍楼;0;0
烟台;20181019;牟平;牟平;龙湖时代星河;0;0
烟台;20181019;牟平;牟平;清华苑;0;0
烟台;20181019;牟平;牟平;东方御景;0;0
烟台;20181019;牟平;牟平;金沙地小区;0;0
烟台;20181019;牟平;牟平;腾远花苑;0;0
烟台;20181019;牟平;牟平;福桥小区;0;0
烟台;20181019;牟平;牟平;文化里村;0;0
烟台;20181019;牟平;牟平;海达华庭;0;0
烟台;20181019;牟平;牟平;农商小区;0;0
烟台;20181019;牟平;牟平;隆兴花园;0;0
烟台;20181019;牟平;牟平;利民小区;0;0
烟台;20181019;牟平;牟平;北银小区;0;0
烟台;20181019;牟平;牟平;天隆商住大厦;0;0
烟台;20181019;牟平;牟平;新城大街788号;0;0
烟台;20181019;牟平;牟平;二建小区;0;0
烟台;20181019;牟平;牟平;芙蓉苑小区;0;0
烟台;20181019;牟平;牟平;马家泊村;0;0
烟台;20181019;牟平;牟平;浩岭湖健康小镇;0;0
烟台;20181019;牟平;牟平;新城福邸;0;0
烟台;20181019;牟平;牟平;恒大御澜庭;0;0
烟台;20181019;牟平;牟平;海伦国际;5611;0
烟台;20181019;牟平;牟平;商业小区;0;0
烟台;20181019;牟平;牟平;南城桃源;0;0
烟台;20181019;牟平;牟平;政府大街;0;1
烟台;20181019;牟平;牟平;南关小区;0;2
烟台;20181019;牟平;牟平;电业局住宅楼;0;0
烟台;20181019;牟平;牟平;阳光馨苑;9373;0
烟台;20181019;牟平;牟平;丰金新贵都;0;1
烟台;20181019;牟平;牟平;沙家庄村;0;0
烟台;20181019;牟平;牟平;新建大街532号;0;1
烟台;20181019;牟平;牟平;碧海渔村;0;2
烟台;20181019;牟平;牟平;海天花园观海苑;0;4
烟台;20181019;牟平;牟平;新城花苑南区;0;0
烟台;20181019;牟平;牟平;新建小区;0;3
烟台;20181019;牟平;牟平;新华住宅小区;5568;5
烟台;20181019;牟平;牟平;龙湖滟澜海岸;0;1
烟台;20181019;牟平;牟平;变压器小区;0;0
烟台;9;牟平;牟平;新华住宅小区;5568;5
烟台;20181019;牟平;牟平;变压器小区;0;0
烟台;20181019;芝罘;新桥;金晖花园;10719;28
烟台;20181019;芝罘;新桥;桃园里;9957;25
烟台;20181019;芝罘;新桥;新桥国际佳苑;0;0
烟台;20181019;芝罘;新桥;红果里;8994;14
烟台;20181019;芝罘;新桥;新大陆花园;9027;4
烟台;20181019;芝罘;新桥;松园里;8538;8
烟台;20181019;芝罘;新桥;新桥路;9528;7
烟台;20181019;芝罘;新桥;花园里;9080;5
烟台;20181019;芝罘;新桥;八一花园;0;0
烟台;20181019;芝罘;新桥;新桥西路北;8560;7
烟台;20181019;芝罘;新桥;新桥小区;0;0
烟台;20181019;芝罘;新桥;新桥未来广场;0;0
烟台;20181019;芝罘;新桥;新桥西路28号;0;0
烟台;20181019;芝罘;新桥;新桥城市广场;0;0
烟台;20181019;芝罘;毓璜顶;毓秀小区;20803;10
烟台;20181019;芝罘;毓璜顶;银都财富中心;18242;38
烟台;20181019;芝罘;毓璜顶;万达公馆;20088;5
烟台;20181019;芝罘;毓璜顶;南通路;20436;11
烟台;20181019;芝罘;毓璜顶;名仕豪庭;0;2
烟台;20181019;芝罘;毓璜顶;乐山里小区;20643;21
烟台;20181019;芝罘;毓璜顶;山海云天;26306;5
烟台;20181019;芝罘;毓璜顶;德新街;19129;15
烟台;20181019;芝罘;毓璜顶;东风里;20655;13
烟台;20181019;芝罘;毓璜顶;三环花园;27012;4
烟台;20181019;芝罘;毓璜顶;迎春里;19363;10
烟台;20181019;芝罘;毓璜顶;捷敏街;21131;2
烟台;20181019;芝罘;毓璜顶;西南河路;20003;8
烟台;20181019;芝罘;毓璜顶;迎新里;20760;2
烟台;20181019;芝罘;毓璜顶;西梨沟;20682;4
烟台;20181019;芝罘;毓璜顶;万达公寓;13036;24
烟台;20181019;芝罘;毓璜顶;洪玉里;20233;5
烟台;20181019;芝罘;毓璜顶;四德里;22168;9
烟台;20181019;芝罘;毓璜顶;福乐里;19844;2
烟台;20181019;芝罘;毓璜顶;纯仁巷;19697;5
烟台;20181019;芝罘;毓璜顶;焕新路;21029;0
烟台;20181019;芝罘;毓璜顶;铭士巷;18467;10
烟台;20181019;芝罘;毓璜顶;世和胡同;20726;4
烟台;20181019;芝罘;毓璜顶;毓璜顶北路;18472;20
烟台;20181019;芝罘;毓璜顶;万达小区;13191;0
烟台;20181019;芝罘;毓璜顶;志新路;19920;3
烟台;20181019;芝罘;毓璜顶;南大街;0;0
烟台;20181019;芝罘;毓璜顶;万达回迁;19770;0
烟台;20181019;芝罘;毓璜顶;建昌南街;13465;1
烟台;20181019;芝罘;毓璜顶;文经大楼;9277;5
烟台;20181019;芝罘;毓璜顶;万达广场;0;0
烟台;20181019;芝罘;毓璜顶;后大街;18528;0
烟台;20181019;芝罘;毓璜顶;胜利路;15627;0
烟台;20181019;芝罘;毓璜顶;晏芳南街;0;0
烟台;20181019;芝罘;毓璜顶;万达商铺;0;0
烟台;20181019;芝罘;毓璜顶;万达写字楼;0;0
烟台;20181019;芝罘;毓璜顶;万达金融中心;0;0
烟台;20181019;莱山;前七夼;闻涛山庄;14716;16
烟台;20181019;莱山;前七夼;海天名人广场;17920;16
烟台;20181019;莱山;前七夼;飞龙苑;16665;9
烟台;20181019;莱山;前七夼;中天盛世观澜;13906;12
烟台;20181019;莱山;前七夼;银和怡海山庄;25779;6
烟台;20181019;莱山;前七夼;天成西巷;17861;12
烟台;20181019;莱山;前七夼;晖光路;17741;16
烟台;20181019;莱山;前七夼;东方花苑;13360;3
烟台;20181019;莱山;前七夼;鑫都海景花园;22193;2
烟台;20181019;莱山;前七夼;天成中巷;17261;7
烟台;20181019;莱山;前七夼;海润壹品;22761;6
烟台;20181019;莱山;前七夼;天成东巷;13965;3
烟台;20181019;莱山;前七夼;天鸿花园;28831;3
烟台;20181019;莱山;前七夼;安居花园;16312;4
烟台;20181019;莱山;前七夼;国防科工委家属楼;16139;2
烟台;20181019;莱山;前七夼;天成北街;15376;3
烟台;20181019;莱山;前七夼;海昌渔人码头;26282;2
烟台;20181019;芝罘;惠安;惠安小区A区;12985;16
烟台;20181019;芝罘;惠安;惠安小区C区;11300;1
烟台;20181019;芝罘;惠安;惠安小区一期;11654;9
烟台;20181019;芝罘;惠安;惠安小区B区;9296;16
烟台;20181019;芝罘;惠安;世秀新区;12641;41
烟台;20181019;芝罘;惠安;惠安小区二期;12895;13
烟台;20181019;芝罘;惠安;馥郁山庄;14273;7
烟台;20181019;芝罘;惠安;惠安小区D区;11072;15
烟台;20181019;芝罘;惠安;富甲逸品;21419;4
烟台;20181019;芝罘;惠安;富有花园;0;1
烟台;20181019;芝罘;惠安;富顺苑东区;11290;3
烟台;20181019;芝罘;惠安;青华教师家属楼;0;3
烟台;20181019;芝罘;惠安;金色家园;10716;2
烟台;20181019;芝罘;惠安;烟台新都汇;0;0
烟台;20181019;芝罘;惠安;大东夼东南街;9385;5
烟台;20181019;芝罘;惠安;中拓假日广场;0;0
烟台;20181019;芝罘;惠安;明珠山庄;0;0
烟台;20181019;芝罘;惠安;惠安小区;0;0
烟台;20181019;芝罘;惠安;大东夼东街;0;0
烟台;20181019;芝罘;惠安;世兴路29-37号;0;0
烟台;20181019;芝罘;惠安;大东夼西街128-142号;0;0
烟台;20181019;芝罘;惠安;惠园公寓;0;0
烟台;20181019;芝罘;惠安;大东夼西街;8084;0
烟台;20181019;芝罘;惠安;兴尧路小区;0;0
烟台;20181019;芝罘;惠安;世秀生态小区;0;0
烟台;20181019;芝罘;惠安;嘉城世纪花园;0;0
烟台;20181019;芝罘;惠安;水木青华;0;0
烟台;20181019;芝罘;惠安;富顺苑水景庭院;0;0
烟台;20181019;芝罘;惠安;通世华府;0;0
烟台;20181019;芝罘;三水;阳光100;11594;17
烟台;20181019;芝罘;三水;市长大厦;10423;5
烟台;20181019;芝罘;三水;美鑫公馆;0;1
烟台;20181019;芝罘;三水;小南洪街;10775;5
烟台;20181019;芝罘;三水;裕顺巷;10819;1
烟台;20181019;芝罘;三水;隆盛巷;11936;0
烟台;20181019;芝罘;三水;光华巷;10185;4
烟台;20181019;芝罘;三水;洪源胡同;11094;4
烟台;20181019;芝罘;三水;南洪街;0;1
烟台;20181019;芝罘;三水;德合巷;11352;1
烟台;20181019;芝罘;三水;掖平街;10370;1
烟台;20181019;芝罘;三水;华达大厦;4530;1
烟台;20181019;芝罘;三水;洪兴街;12806;2
烟台;20181019;芝罘;三水;五福胡同;10012;1
烟台;20181019;芝罘;三水;北大西街;12162;0
烟台;20181019;芝罘;三水;四德街;0;0
烟台;20181019;芝罘;三水;留余胡同;0;3
烟台;20181019;芝罘;三水;光国巷;13015;1
烟台;20181019;芝罘;幸福;华信家园;10675;43
烟台;20181019;芝罘;幸福;新世界花园;10136;72
烟台;20181019;芝罘;幸福;万科海云台;13928;25
烟台;20181019;芝罘;幸福;万科青年特区;12526;10
烟台;20181019;芝罘;幸福;三水合一花园;8987;23
烟台;20181019;芝罘;幸福;西海岸路38号;13242;20
烟台;20181019;芝罘;幸福;万泰花苑;11786;9
烟台;20181019;芝罘;幸福;海港小区;10381;35
烟台;20181019;芝罘;幸福;幸福五村;12544;23
烟台;20181019;芝罘;幸福;幸福三村;13743;10
烟台;20181019;芝罘;幸福;裕顺嘉园;11078;9
烟台;20181019;芝罘;幸福;西海岸路13号;12742;8
烟台;20181019;芝罘;幸福;西海岸路100号;14354;8
烟台;20181019;芝罘;幸福;宏达小区;12857;24
烟台;20181019;芝罘;幸福;芝罘岛中里;7848;18
烟台;20181019;芝罘;幸福;西海岸路43号;16608;6
烟台;20181019;芝罘;幸福;信达小区;10701;13
烟台;20181019;芝罘;幸福;幸芝里;12006;37
烟台;20181019;芝罘;幸福;佳苑街;12458;7
烟台;20181019;芝罘;幸福;开元盛世;0;0
烟台;20181019;芝罘;幸福;海峰;0;0
烟台;20181019;芝罘;幸福;万光幸福家园;11128;2
烟台;20181019;芝罘;幸福;福成家园;8629;10
烟台;20181019;芝罘;幸福;开元新村A区;12391;8
烟台;20181019;芝罘;幸福;龙海家园A区;6885;0
烟台;20181019;芝罘;幸福;幸福大厦;8700;7
烟台;20181019;芝罘;幸福;坤宇家苑;11770;1
烟台;20181019;芝罘;幸福;西海岸;0;0
烟台;20181019;芝罘;幸福;美立方;7763;1
烟台;20181019;芝罘;幸福;福茂路;9177;20
烟台;20181019;芝罘;幸福;山海阳光;6885;3
烟台;20181019;芝罘;幸福;电子仪宿舍;9933;4
烟台;20181019;芝罘;幸福;开元路;8862;2
烟台;20181019;芝罘;幸福;万科海上传奇;0;0
烟台;20181019;芝罘;幸福;幸国里小区;8802;19
烟台;20181019;芝罘;幸福;福新路;10085;9
烟台;20181019;芝罘;幸福;幸福南街;8544;10
烟台;20181019;芝罘;幸福;幸福一村;10476;5
烟台;20181019;芝罘;幸福;邮电小区;11205;1
烟台;20181019;芝罘;幸福;邮政小区;12822;1
烟台;20181019;芝罘;幸福;信达小区南区;11694;3
烟台;20181019;芝罘;幸福;祥和路;10812;15
烟台;20181019;芝罘;幸福;万科璞悦湾;0;0
烟台;20181019;芝罘;幸福;佳苑南街;10561;2
烟台;20181019;芝罘;幸福;福源路;9050;21
烟台;20181019;芝罘;幸福;幸海里;9623;21
烟台;20181019;芝罘;幸福;富海怡景花苑;0;0
烟台;20181019;芝罘;幸福;芝罘岛西里;9846;1
烟台;20181019;芝罘;幸福;福华街;9122;1
烟台;20181019;芝罘;幸福;乐天国际公寓;0;0
烟台;20181019;芝罘;幸福;幸福路;10424;2
烟台;20181019;芝罘;幸福;福泰路;9284;28
烟台;20181019;芝罘;幸福;幸合里;8447;5
烟台;20181019;芝罘;幸福;开元新村B区;0;1
烟台;20181019;芝罘;幸福;幸福中街;8743;7
烟台;20181019;芝罘;幸福;幸福东街;9440;6
烟台;20181019;芝罘;幸福;海悦花园东区;0;0
烟台;20181019;芝罘;幸福;福松街;8324;4
烟台;20181019;芝罘;幸福;支农里小区;8924;3
烟台;20181019;芝罘;幸福;幸福南路;9257;8
烟台;20181019;芝罘;幸福;华信家园四期;0;0
烟台;20181019;芝罘;幸福;海悦花园东区;0;0
烟台;20181019;芝罘;幸福;福国街;7083;0
烟台;20181019;芝罘;幸福;龍海家園;0;0
烟台;20181019;芝罘;幸福;福新路小区南区;0;0
烟台;20181019;芝罘;幸福;新世界公寓;0;0
烟台;20181019;芝罘;幸福;福达街;7450;0
烟台;20181019;芝罘;幸福;福青街;0;1
烟台;20181019;芝罘;幸福;福兴街;0;2
烟台;20181019;芝罘;幸福;福庆街;8245;2
烟台;20181019;芝罘;幸福;新胜小区;0;1
烟台;20181019;芝罘;幸福;开元小区;11272;1
烟台;20181019;芝罘;幸福;港悦国际;0;0
烟台;20181019;芝罘;幸福;福胜街;0;0
烟台;20181019;芝罘;幸福;幸福小区;0;0
烟台;20181019;芝罘;幸福;海悦花园西区;0;0
烟台;20181019;芝罘;幸福;芝罘屯小区;0;0
烟台;20181019;芝罘;幸福;福宏街;9471;2
烟台;20181019;芝罘;幸福;幸福里;10489;5
烟台;20181019;芝罘;幸福;人和家园;12573;1
烟台;20181019;芝罘;幸福;福新街;10055;0
烟台;20181019;芝罘;幸福;福迎街;9894;1
烟台;20181019;芝罘;幸福;萬泰海景花園;12170;0
烟台;20181019;芝罘;幸福;幸福八村南街;9064;0
烟台;20181019;芝罘;幸福;福河路;9025;2
烟台;20181019;芝罘;幸福;福春街;8813;5
烟台;20181019;芝罘;幸福;幸福西街;8214;4
烟台;20181019;芝罘;幸福;福学路;8463;1
烟台;20181019;芝罘;幸福;芝景苑;0;0
烟台;20181019;芝罘;幸福;开源社区;0;0
烟台;20181019;芝罘;幸福;福润海家园;0;0
烟台;20181019;芝罘;幸福;幸福八村南街;9064;0
烟台;20181019;芝罘;幸福;环海路89-2号路3号;0;0
烟台;20181019;芝罘;幸福;幸福路祥发大厦;0;0
烟台;20181019;芝罘;幸福;福新街;10055;0
烟台;20181019;芝罘;幸福;福迎街;9894;1
烟台;20181019;芝罘;幸福;幸福西街;8214;4
烟台;20181019;芝罘;幸福;福河路;9025;2
烟台;20181019;芝罘;幸福;福春街;8813;5
烟台;20181019;芝罘;幸福;福学路;8463;1
烟台;20181019;芝罘;幸福;芝罘东路;0;0
烟台;20181019;芝罘;幸福;军休所二所;0;0
烟台;20181019;芝罘;幸福;幸福四村西街;9540;3
烟台;20181019;芝罘;幸福;祥祯路;10652;5
烟台;20181019;芝罘;幸福;福祥街;8856;3
烟台;20181019;芝罘;幸福;福恩街;8635;3
烟台;20181019;开发区;蓬莱市;磁山温泉小镇;7621;3
烟台;20181019;开发区;蓬莱市;中南山海湾;0;0
烟台;20181019;开发区;蓬莱市;半岛蓝湾;0;0
烟台;20181019;开发区;蓬莱市;仙境苑;0;0
烟台;20181019;开发区;蓬莱市;锦绣家园;0;0
烟台;20181019;开发区;蓬莱市;蓬莱新世界花园;0;0
烟台;20181019;开发区;蓬莱市;蓬达花园;0;0
烟台;20181019;开发区;蓬莱市;海景苑;0;0
烟台;20181019;开发区;蓬莱市;万祥花园;0;0
烟台;20181019;开发区;蓬莱市;福泽苑;0;0
烟台;20181019;开发区;蓬莱市;怡海花园;0;0
烟台;20181019;开发区;蓬莱市;华海现代城;0;0
烟台;20181019;开发区;蓬莱市;水城新区;0;0
烟台;20181019;开发区;蓬莱市;永利小区;0;0
烟台;20181019;开发区;蓬莱市;艾山温泉艾巢;0;0
烟台;20181019;开发区;蓬莱市;民生仙境人家;0;0
烟台;20181019;开发区;蓬莱市;抹直口社区;0;0
烟台;20181019;开发区;蓬莱市;如意小区;0;0
烟台;20181019;开发区;蓬莱市;麒麟社区;0;0
烟台;20181019;开发区;蓬莱市;兴华名苑;0;0
烟台;20181019;开发区;蓬莱市;正大怡景;0;0
烟台;20181019;开发区;蓬莱市;紫荆小区;0;0
烟台;20181019;开发区;蓬莱市;北关路;0;0
烟台;20181019;开发区;蓬莱市;东关新区;0;0
烟台;20181019;开发区;蓬莱市;渤海家园;0;0
烟台;20181019;开发区;蓬莱市;京蓬社区;0;0
烟台;20181019;开发区;蓬莱市;东关社区;0;0
烟台;20181019;开发区;蓬莱市;京蓬小区南区;0;0
烟台;20181019;开发区;蓬莱市;黄海花园西区;0;0
烟台;20181019;开发区;蓬莱市;聚仙苑;0;0
烟台;20181019;开发区;蓬莱市;茂源花园;0;0
烟台;20181019;开发区;蓬莱市;山汽改生活区;0;0
烟台;20181019;开发区;蓬莱市;学府上城;0;0
烟台;20181019;开发区;蓬莱市;蓬达东苑;0;0
烟台;20181019;开发区;蓬莱市;紫台花园;0;0
烟台;20181019;开发区;蓬莱市;三和南苑;0;0
烟台;20181019;开发区;蓬莱市;西关小区;0;0
烟台;20181019;开发区;蓬莱市;长裕小区;0;0
烟台;20181019;开发区;蓬莱市;登州府第;0;0
烟台;20181019;开发区;蓬莱市;石岛福地;0;0
烟台;20181019;开发区;蓬莱市;半岛蓝庭;0;0
烟台;20181019;开发区;蓬莱市;渤海尚都;0;0
烟台;20181019;开发区;蓬莱市;半岛嘉园;0;0
烟台;20181019;开发区;蓬莱市;海德公馆;0;0
烟台;20181019;开发区;蓬莱市;万城一品洋房;0;0
烟台;20181019;开发区;蓬莱市;芝山花园;0;0
烟台;20181019;开发区;蓬莱市;海琴苑;0;0
烟台;20181019;开发区;蓬莱市;蓬莱碧桂园;0;0
烟台;20181019;开发区;蓬莱市;信亚小区;0;0
烟台;20181019;开发区;蓬莱市;阳光家园;0;0
烟台;20181019;开发区;蓬莱市;李继勇住宅;0;0
烟台;20181019;开发区;蓬莱市;山海君临;0;0
烟台;20181019;开发区;蓬莱市;亚泰兰海公馆;0;0
烟台;20181019;开发区;蓬莱市;上釆王沟新村三和北苑;0;0
烟台;20181019;开发区;蓬莱市;圣祥翡翠园;0;0
烟台;20181019;开发区;蓬莱市;泰和家园;0;0
烟台;20181019;开发区;蓬莱市;馨和花园;0;0
烟台;20181019;开发区;蓬莱市;登州花园;0;0
烟台;20181019;开发区;蓬莱市;海天惠园;0;0
烟台;20181019;开发区;蓬莱市;黄金小区;0;0
烟台;20181019;开发区;蓬莱市;民生上和城;0;0
烟台;20181019;开发区;蓬莱市;外贸小区;0;0
烟台;20181019;开发区;蓬莱市;万泰尚都;0;0
烟台;20181019;开发区;蓬莱市;蔚蓝彼岸;0;0
烟台;20181019;开发区;蓬莱市;饮食服务有限公司生活小区;0;0
烟台;20181019;开发区;蓬莱市;紫荆名苑;0;0
烟台;20181019;开发区;蓬莱市;东关小区;0;0
烟台;20181019;开发区;蓬莱市;百贸小区;0;0
烟台;20181019;开发区;蓬莱市;故里小区;0;0
烟台;20181019;开发区;蓬莱市;海福莱小区;0;0
烟台;20181019;开发区;蓬莱市;鲁花小区;0;0
烟台;20181019;开发区;蓬莱市;华雁小区;0;0
烟台;20181019;高新区;高新区周边;兴盛铭仕城;0;1
烟台;20181019;高新区;高新区周边;博源名都;10767;12
烟台;20181019;高新区;高新区周边;青桦逸景;0;1
烟台;20181019;高新区;高新区周边;三兴御海城;0;0
烟台;20181019;高新区;高新区周边;山东商务职业学院教工住宅小区;0;0
烟台;20181019;高新区;高新区周边;春桦逸景小区;0;0
烟台;20181019;高新区;高新区周边;原生海;0;0
烟台;20181019;高新区;高新区周边;解甲庄镇教师住宅;0;0
烟台;20181019;高新区;高新区周边;北苑;0;0
烟台;20181019;开发区;万达;融科林语;13151;17
烟台;20181019;开发区;万达;栖里凤台山庄;10034;7
烟台;20181019;开发区;万达;山水名园;9599;8
烟台;20181019;开发区;万达;海信天山郡;11013;15
烟台;20181019;开发区;万达;万达华府;14331;13
烟台;20181019;开发区;万达;香格里拉花园;11352;6
烟台;20181019;开发区;万达;林语逸景;15067;5
烟台;20181019;开发区;万达;金鑫家园;9837;11
烟台;20181019;开发区;万达;翠园芳邻;11246;10
烟台;20181019;开发区;万达;恒天紫微台;0;5
烟台;20181019;开发区;万达;金光小区西区;9526;18
烟台;20181019;开发区;万达;天颐郦城;0;0
烟台;20181019;开发区;万达;华明凤台山庄;12791;0
烟台;20181019;开发区;万达;鑫发小区;9837;3
烟台;20181019;开发区;万达;上居和园;0;2
烟台;20181019;开发区;万达;福鑫家园;10205;5
烟台;20181019;开发区;万达;奇章新城;11127;17
烟台;20181019;开发区;万达;东星小区;8663;6
烟台;20181019;开发区;万达;舒馨家苑;10840;1
烟台;20181019;开发区;万达;万行中心;0;3
烟台;20181019;开发区;万达;银河怡海衡悦大厦;11019;9
烟台;20181019;开发区;万达;金光小区东区;10444;11
烟台;20181019;开发区;万达;天地一品;0;0
烟台;20181019;开发区;万达;科技村;23128;1
烟台;20181019;开发区;万达;盈科花溪径;0;0
烟台;20181019;开发区;万达;怡景天地;7932;1
烟台;20181019;开发区;万达;鑫兴佳苑;9563;2
烟台;20181019;开发区;万达;鑫台商城;11725;0
烟台;20181019;开发区;万达;地源大厦;0;0
烟台;20181019;开发区;万达;天衡公寓;0;0
烟台;20181019;开发区;万达;万华公寓;0;0
烟台;20181019;开发区;万达;天衡公寓;0;0
烟台;20181019;开发区;万达;天颐郦城三期;0;0
烟台;20181019;福山;鸿福街;曙光名座;6609;34
烟台;20181019;福山;鸿福街;檀香苑;8593;9
烟台;20181019;福山;鸿福街;欧尚花园;0;0
烟台;20181019;福山;鸿福街;鸿福御景;9765;2
烟台;20181019;福山;鸿福街;鸿福名城;9782;11
烟台;20181019;福山;鸿福街;福水苑;6608;6
烟台;20181019;福山;鸿福街;鸿福佳苑;9021;0
烟台;20181019;福山;鸿福街;北方汽配;0;0
烟台;20181019;福山;鸿福街;失效;0;0
烟台;20181019;芝罘;世回尧;蓁山花园;9481;11
烟台;20181019;芝罘;世回尧;御景苑;11110;9
烟台;20181019;芝罘;世回尧;上林苑;11843;11
烟台;20181019;芝罘;世回尧;佳隆学府铭座;12518;10
烟台;20181019;芝罘;世回尧;帝景苑;12445;7
烟台;20181019;芝罘;世回尧;富顺苑西区;12535;11
烟台;20181019;芝罘;世回尧;中桦家苑;13153;2
烟台;20181019;芝罘;世回尧;中正公馆;0;0
烟台;20181019;芝罘;世回尧;金龙苑;14025;0
烟台;20181019;芝罘;世回尧;阳光绿洲;10311;22
烟台;20181019;芝罘;世回尧;中正山庄;0;0
烟台;20181019;芝罘;世回尧;桦林小区;10067;8
烟台;20181019;芝罘;世回尧;怡景苑;14450;1
烟台;20181019;芝罘;世回尧;上曲家;8413;16
烟台;20181019;芝罘;世回尧;佳隆花园;11519;8
烟台;20181019;芝罘;世回尧;春天公寓;7289;4
烟台;20181019;芝罘;世回尧;联谊小区;9610;10
烟台;20181019;芝罘;世回尧;南尧小区;9036;8
烟台;20181019;芝罘;世回尧;上尧花园;0;0
烟台;20181019;芝罘;世回尧;阳光上城;0;0
烟台;20181019;芝罘;世回尧;鲁大佳苑;0;0
烟台;20181019;芝罘;世回尧;润鼎嘉园;0;0
烟台;20181019;芝罘;世回尧;伴山壹号紫林园;0;0
烟台;20181019;芝罘;世回尧;金帝佳园;0;0
烟台;20181019;芝罘;世回尧;阳光上城一期;0;0
烟台;20181019;芝罘;世回尧;祥尧一街;11289;0
烟台;20181019;芝罘;世回尧;世学路;9109;2
烟台;20181019;芝罘;世回尧;南尧街17-21号;0;0
烟台;20181019;芝罘;世回尧;阳光上城B区一期;0;0
烟台;20181019;芝罘;世回尧;南尧街1-11号;10400;0
烟台;20181019;芝罘;世回尧;荣尧街10-34号;0;0
烟台;20181019;芝罘;世回尧;祥尧二街2-24号;0;0
烟台;20181019;芝罘;世回尧;通世路55号;0;0
烟台;20181019;芝罘;世回尧;联谊路79-88号;0;0
烟台;20181019;芝罘;世回尧;世远巷;0;0
烟台;20181019;芝罘;世回尧;机场路42号;0;0
烟台;20181019;福山;富豪;富豪新天地;9177;32
烟台;20181019;福山;富豪;富豪青年国际广场;8470;37
烟台;20181019;福山;富豪;富豪花园;9236;17
烟台;20181019;福山;富豪;富丽花园;10219;9
烟台;20181019;福山;富豪;北方月光怡景;8791;22
烟台;20181019;福山;富豪;铂悦府;9338;1
烟台;20181019;福山;富豪;福祥新苑;7564;26
烟台;20181019;福山;富豪;富豪西苑;8182;11
烟台;20181019;福山;富豪;富豪银座;8014;3
烟台;20181019;福山;富豪;祥云小区;9453;2
烟台;20181019;福山;富豪;福泰阳光;10265;1
烟台;20181019;福山;富豪;北方月光心境;8373;6
烟台;20181019;福山;富豪;汇福街;9243;13
烟台;20181019;福山;富豪;富豪国际商务公寓;8121;7
烟台;20181019;福山;富豪;丽浩福仕汇;6295;0
烟台;20181019;福山;富豪;富豪21世纪;0;0
烟台;20181019;福山;富豪;汇福住宅楼;9368;2
烟台;20181019;福山;富豪;玉森住宅楼;9245;1
烟台;20181019;福山;芝阳;御花园;7828;17
烟台;20181019;福山;芝阳;水清木华芝阳城;7831;32
烟台;20181019;福山;芝阳;卫城润景;6573;22
烟台;20181019;福山;芝阳;义丰富丽新城;5625;8
烟台;20181019;福山;芝阳;金象泰紫薇花园;7099;0
烟台;20181019;福山;芝阳;君山水;8233;6
烟台;20181019;福山;芝阳;富丽阳光;0;0
烟台;20181019;福山;芝阳;福惠花园;7616;0
烟台;20181019;福山;芝阳;七栋洋房;0;0
烟台;20181019;福山;芝阳;通用一城山河;0;0
烟台;20181019;福山;芝阳;美航花园内公安局家属楼;7858;0
烟台;20181019;福山;芝阳;佳安花园;0;0
烟台;20181019;福山;芝阳;悦榕湾;0;0
烟台;20181019;福山;芝阳;曾家庄;0;0
烟台;20181019;福山;芝阳;农科所院内;0;1
烟台;20181019;福山;芝阳;御花园三期;0;0
烟台;20181019;福山;芝阳;东留公小区;0;0
烟台;20181019;福山;芝阳;林业局宿舍楼;9236;0
烟台;20181019;开发区;开发区周边;业达左岸慧谷;8694;5
烟台;20181019;开发区;开发区周边;海韵花园;0;0
烟台;20181019;开发区;开发区周边;业达E空间;0;0
烟台;20181019;开发区;开发区周边;通用富馨佳苑;8136;7
烟台;20181019;开发区;开发区周边;金凤小区;0;0
烟台;20181019;开发区;开发区周边;佰和锦园;0;0
烟台;20181019;开发区;开发区周边;海信波尔多小镇;0;0
烟台;20181019;开发区;开发区周边;业达科技园;0;0
烟台;20181019;开发区;开发区周边;盛福花园;0;0
烟台;20181019;开发区;开发区周边;业达江山;0;0
烟台;20181019;开发区;开发区周边;富康小区;0;0
烟台;20181019;开发区;开发区周边;启迪慧苑（重盘，与业达左岸慧谷重复）;0;0
烟台;20181019;开发区;开发区周边;中节能朗庭;0;0
烟台;20181019;芝罘;解放路;世茂广场;17120;37
烟台;20181019;芝罘;解放路;民生街;19145;24
烟台;20181019;芝罘;解放路;周乐街;23400;14
烟台;20181019;芝罘;解放路;天鸿凯旋城;20677;20
烟台;20181019;芝罘;解放路;大兴街;21551;19
烟台;20181019;芝罘;解放路;东兴街;21963;37
烟台;20181019;芝罘;解放路;芝罘里;19925;14
烟台;20181019;芝罘;解放路;东沟路;21317;38
烟台;20181019;芝罘;解放路;中兴街;20032;25
烟台;20181019;芝罘;解放路;市府街;21495;11
烟台;20181019;芝罘;解放路;三马路;21431;24
烟台;20181019;芝罘;解放路;大马路;14445;6
烟台;20181019;芝罘;解放路;厚安街;18829;19
烟台;20181019;芝罘;解放路;解放路;13182;13
烟台;20181019;芝罘;解放路;虹口大厦;11583;6
烟台;20181019;芝罘;解放路;天相里;20273;2
烟台;20181019;芝罘;解放路;壹通国际;0;0
烟台;20181019;芝罘;解放路;南海大院;0;0
烟台;20181019;福山;北五路;君悦湾;0;0
烟台;20181019;福山;北五路;第一国际新区;0;0
烟台;20181019;福山;北五路;福瑞福海门;7572;1
烟台;20181019;福山;北五路;天业·盛世景苑;0;0
烟台;20181019;福山;振华;清洋苑;5704;7
烟台;20181019;福山;振华;世嘉锦庭;9551;7
烟台;20181019;福山;振华;东方明珠花园;9091;4
烟台;20181019;福山;振华;云上苑;8789;4
烟台;20181019;福山;振华;玲珑湾小区;8483;0
烟台;20181019;福山;振华;康庄小区;7825;8
烟台;20181019;福山;振华;永乐公寓;7966;11
烟台;20181019;福山;振华;阳光水景;5548;3
烟台;20181019;福山;振华;恒生2号小区;5718;2
烟台;20181019;福山;振华;福山医院南山家属楼;7746;2
烟台;20181019;福山;振华;恒生3号小区;7922;3
烟台;20181019;福山;振华;平安里小区;6528;1
烟台;20181019;福山;振华;缇香名苑;8555;0
烟台;20181019;福山;振华;城里街小区;6295;1
烟台;20181019;福山;振华;南苑街自来水家属楼;6619;0
烟台;20181019;福山;振华;三元小区;7009;4
烟台;20181019;福山;振华;新东花园;6185;0
烟台;20181019;福山;振华;隆源小区;0;0
烟台;20181019;福山;振华;西关1号小区;0;0
烟台;20181019;福山;振华;迎宾里;0;0
烟台;20181019;福山;振华;鑫汇小区;0;0
烟台;20181019;福山;振华;南山路自来水家属楼;6199;1
烟台;20181019;福山;振华;南关居民区;0;0
烟台;20181019;福山;振华;邮政局家属楼;0;0
烟台;20181019;福山;振华;南苑街房管处住宅楼;6613;0
烟台;20181019;福山;振华;地税局家属楼;7635;0
烟台;20181019;福山;振华;房管局家属楼;0;1
烟台;20181019;福山;振华;鑫汇小区;0;0
烟台;20181019;福山;振华;南山路自来水家属楼;6199;1
烟台;20181019;福山;振华;府右路商铺;0;0
烟台;20181019;开发区;高级中学;海信慧园西区;15531;32
烟台;20181019;开发区;高级中学;北方月光兰庭;14468;19
烟台;20181019;开发区;高级中学;海信慧园;13809;14
烟台;20181019;开发区;高级中学;立雪佳苑;11841;12
烟台;20181019;开发区;高级中学;海天花园;16311;4
烟台;20181019;开发区;高级中学;佰和悦府;0;0
烟台;20181019;开发区;高级中学;中粮朗云;0;2
烟台;20181019;开发区;高级中学;蜜橙;10761;8
烟台;20181019;开发区;高级中学;香橙;0;1
烟台;20181019;开发区;高级中学;富饶世家;0;0
烟台;20181019;莱山;二马路;福山路;26790;36
烟台;20181019;莱山;二马路;四马路;17543;76
烟台;20181019;莱山;二马路;葡萄山南路;24457;26
烟台;20181019;莱山;二马路;南沟街;23350;69
烟台;20181019;莱山;二马路;葡萄山里;24410;8
烟台;20181019;莱山;二马路;北环山里;25552;25
烟台;20181019;莱山;二马路;静海山庄;23904;4
烟台;20181019;莱山;二马路;二马路;22894;52
烟台;20181019;莱山;二马路;金沟寨一街;23380;8
烟台;20181019;莱山;二马路;金沟寨五街;24827;18
烟台;20181019;莱山;二马路;南山路;23784;16
烟台;20181019;莱山;二马路;桑园路;22924;10
烟台;20181019;莱山;二马路;同合里;22349;8
烟台;20181019;莱山;二马路;三马路东;26074;13
烟台;20181019;莱山;二马路;金沟寨路;22436;12
烟台;20181019;莱山;二马路;迎山路;18394;34
烟台;20181019;莱山;二马路;金沟寨四街;23624;14
烟台;20181019;莱山;二马路;进德路;26103;12
烟台;20181019;莱山;二马路;双合里;20785;8
烟台;20181019;莱山;二马路;东山里;23421;7
烟台;20181019;莱山;二马路;金沟寨二街;23638;13
烟台;20181019;莱山;二马路;长生西路;24357;13
烟台;20181019;莱山;二马路;东山名郡;0;0
烟台;20181019;莱山;二马路;魁星苑;19981;10
烟台;20181019;莱山;二马路;金沟寨三街;25744;4
烟台;20181019;莱山;二马路;金沟寨中心花园;24376;5
烟台;20181019;莱山;二马路;东海里西;23260;2
烟台;20181019;莱山;二马路;东海山庄;13640;0
烟台;20181019;莱山;二马路;金沟寨小区;0;0
烟台;20181019;莱山;二马路;葡萄山路;0;0
烟台;20181019;莱山;二马路;闻海公寓;14053;7
烟台;20181019;莱山;二马路;山海佳苑;0;0
烟台;20181019;莱山;二马路;和合胡同;11521;4
烟台;20181019;莱山;二马路;光上滨海国际公馆;10676;0
烟台;20181019;莱山;二马路;华侨新村;0;0
烟台;20181019;莱山;二马路;北环山路;0;0
烟台;20181019;莱山;二马路;滨海西路2号;0;0
烟台;20181019;莱山;二马路;传染病医院宿舍楼;0;0
烟台;20181019;莱山;二马路;丰汇大厦;0;0
烟台;20181019;莱山;二马路;迎宾路56号;0;0
烟台;20181019;莱山;迎春大街;祥隆天合城;14294;48
烟台;20181019;莱山;迎春大街;绿色家园;12636;147
烟台;20181019;莱山;迎春大街;万光府前花园;13159;45
烟台;20181019;莱山;迎春大街;四季花城;17610;41
烟台;20181019;莱山;迎春大街;凤凰小区;13144;13
烟台;20181019;莱山;迎春大街;凤凰新区;13354;6
烟台;20181019;莱山;迎春大街;曹家花园小区;11866;7
烟台;20181019;莱山;迎春大街;福道家园;11320;4
烟台;20181019;莱山;迎春大街;凤凰新城;14767;1
烟台;20181019;莱山;迎春大街;初家小区;12709;4
烟台;20181019;莱山;迎春大街;飞龙小区;12843;3
烟台;20181019;莱山;迎春大街;万光中央公园;0;0
烟台;20181019;莱山;迎春大街;益丰小区;12226;8
烟台;20181019;莱山;迎春大街;飞龙河东新城;16943;4
烟台;20181019;莱山;迎春大街;晨光小区;11579;5
烟台;20181019;莱山;迎春大街;泉鑫大厦;9787;1
烟台;20181019;莱山;迎春大街;河东小区;12949;1
烟台;20181019;莱山;迎春大街;五彩都会;0;1
烟台;20181019;莱山;迎春大街;万光中华城;0;0
烟台;20181019;莱山;迎春大街;莱山宝龙城市广场;11340;8
烟台;20181019;莱山;迎春大街;芳华园购物中心住宅楼;9135;0
烟台;20181019;莱山;迎春大街;迎春佳苑;0;0
烟台;20181019;莱山;迎春大街;清华园;13621;0
烟台;20181019;莱山;迎春大街;新天地都市广场;0;0
烟台;20181019;莱山;迎春大街;益丰御祥大厦;13705;2
烟台;20181019;莱山;迎春大街;花都小区;0;0
烟台;20181019;莱山;迎春大街;城市花园;0;0
烟台;20181019;莱山;迎春大街;午台小区;0;0
烟台;20181019;莱山;迎春大街;观海大厦;0;0
烟台;20181019;莱山;迎春大街;烟台中诚大厦;0;0
烟台;20181019;莱山;迎春大街;宋家庄小区;0;0
烟台;20181019;莱山;迎春大街;天和大厦;8646;0
烟台;20181019;莱山;迎春大街;西南街;0;0
烟台;20181019;莱山;迎春大街;飞龙天润大厦;0;0
烟台;20181019;莱山;迎春大街;宏远小区;0;0
烟台;20181019;莱山;迎春大街;润华大厦;0;0
烟台;20181019;莱山;迎春大街;金融国际大厦;0;0
烟台;20181019;莱山;迎春大街;万光福园;0;0
烟台;20181019;莱山;迎春大街;大庄青年楼;0;0
烟台;20181019;莱山;迎春大街;宏远二区;0;0
烟台;20181019;莱山;迎春大街;大庄村;0;0
烟台;20181019;莱山;迎春大街;初家青年楼;0;0
烟台;20181019;莱山;迎春大街;中科院海岸带所家属楼;0;0
烟台;20181019;莱山;迎春大街;梨花园;0;0
烟台;20181019;莱山;迎春大街;科技创业大厦;0;0
烟台;20181019;莱山;迎春大街;正大隆泰大厦;0;0
烟台;20181019;莱山;迎春大街;悦海中心;0;0
烟台;20181019;高新区;东泊子;中海银海熙岸;14374;29
烟台;20181019;高新区;东泊子;马山寨海景豪庭;9889;6
烟台;20181019;高新区;东泊子;容大东海岸;0;2
烟台;20181019;高新区;东泊子;烟台北航科技园;0;0
烟台;20181019;高新区;东泊子;马山寨海景酒店;0;0
烟台;20181019;高新区;东泊子;航天小区;0;0
烟台;20181019;福山;万科;万科假日风景;10785;48
烟台;20181019;福山;万科;万科假日润园;10179;21
烟台;20181019;福山;万科;万科城市之光;0;0
烟台;20181019;福山;万科;福利莱万和城;8596;25
烟台;20181019;福山;万科;映雪佳苑;8824;8
烟台;20181019;福山;万科;五洲国际工业博览城;5721;24
烟台;20181019;福山;万科;UN未来城;7943;1
烟台;20181019;福山;万科;豪德公馆;0;0
烟台;20181019;福山;万科;玫瑰园;0;0
烟台;20181019;福山;万科;中梁首府壹号;0;0
烟台;20181019;福山;万科;宏锦万花城;8365;0
烟台;20181019;福山;万科;香缇熙岸;0;1
烟台;20181019;福山;万科;梨苑新城;0;0
烟台;20181019;福山;万科;富盛苑;9140;1
烟台;20181019;福山;万科;嘉福投资公寓;0;0
烟台;20181019;福山;万科;福海苑小区;0;0
烟台;20181019;福山;万科;青春100公寓;6367;2
烟台;20181019;福山;万科;一中教师公寓;6895;2
烟台;20181019;福山;福海路;星河城;9300;102
烟台;20181019;福山;福海路;香逸中央;9961;24
烟台;20181019;福山;福海路;美航花园;7541;32
烟台;20181019;福山;福海路;福海阳光花园;7260;27
烟台;20181019;福山;福海路;福利莱小区;7980;29
烟台;20181019;福山;福海路;天创国际城;5028;40
烟台;20181019;福山;福海路;德胜凯旋花园;9449;14
烟台;20181019;福山;福海路;丽景佳园;9216;15
烟台;20181019;福山;福海路;东方华府;10696;10
烟台;20181019;福山;福海路;北美枫情;8586;8
烟台;20181019;福山;福海路;梦马都;0;0
烟台;20181019;福山;福海路;寰宇小区;8163;17
烟台;20181019;福山;福海路;福海城;8244;1
烟台;20181019;福山;福海路;芙蓉花园;11527;6
烟台;20181019;福山;福海路;澳城苑;7831;1
烟台;20181019;福山;福海路;仁隆花园;7550;13
烟台;20181019;福山;福海路;福利莱仁和春天花园;11522;5
烟台;20181019;福山;福海路;同福小区;9008;12
烟台;20181019;福山;福海路;银座广场;0;0
烟台;20181019;福山;福海路;奥林峰情;8596;3
烟台;20181019;福山;福海路;上谷郡;9894;5
烟台;20181019;福山;福海路;积金山小区;8093;12
烟台;20181019;福山;福海路;雍和名邸;8131;2
烟台;20181019;福山;福海路;福景天地;10159;1
烟台;20181019;福山;福海路;御泰苑;0;0
烟台;20181019;福山;福海路;恒生小区;6987;15
烟台;20181019;福山;福海路;百旺花园;7481;11
烟台;20181019;福山;福海路;观月里小区;6910;7
烟台;20181019;福山;福海路;新城市;7285;0
烟台;20181019;福山;福海路;环宇小区;6002;0
烟台;20181019;福山;福海路;家属楼;8557;1
烟台;20181019;福山;福海路;县府街;6951;1
烟台;20181019;福山;福海路;民丰小区;8048;4
烟台;20181019;福山;福海路;怡馨华庭;0;0
烟台;20181019;福山;福海路;祥和苑小区;6834;1
烟台;20181019;福山;福海路;商业小区;7191;4
烟台;20181019;福山;福海路;城里街189号;6023;2
烟台;20181019;福山;福海路;生资宿舍新楼;7181;0
烟台;20181019;福山;福海路;民丰小区法院家属楼;8237;0
烟台;20181019;福山;福海路;交警之家;0;0
烟台;20181019;福山;福海路;电力职工之家;8106;2
烟台;20181019;福山;福海路;教育局家属院;0;1
烟台;20181019;福山;福海路;温馨家园;0;0
烟台;20181019;福山;福海路;福慧源;0;0
烟台;20181019;福山;福海路;三联影院;9776;0
烟台;20181019;福山;福海路;永安街小区;0;0
烟台;20181019;福山;福海路;百舸苑;0;0
烟台;20181019;福山;福海路;崇文街81号;0;0
烟台;20181019;福山;福海路;福城嘉苑;0;0
烟台;20181019;福山;福海路;新中新家属楼;0;0
烟台;20181019;福山;福海路;福山城西房地产公司住宅楼;0;0
烟台;20181019;福山;福海路;供销社住宅区;0;1
烟台;20181019;福山;福海路;五环小区;6926;1
烟台;20181019;福山;福海路;民丰路92-11号;0;0
烟台;20181019;福山;福海路;和平家电家属楼;0;2
烟台;20181019;福山;福海路;城里街130号;0;0
烟台;20181019;福山;福海路;福山区技工学校宿舍;0;0
烟台;20181019;福山;福海路;德胜商城;0;0
烟台;20181019;福山;福海路;民丰路门市;0;0
烟台;20181019;福山;福海路;民丰路门市;0;0
烟台;20181019;福山;福海路;供销社住宅区;0;1
烟台;20181019;福山;福海路;摩托车市场;0;0
烟台;20181019;福山;福海路;五金家电市场;0;0
烟台;20181019;福山;福海路;技校家属院;7378;1
烟台;20181019;福山;福海路;福海路1000号门市;0;0
烟台;20181019;福山;福海路;五环小区;6926;1
烟台;20181019;福山;松霞;银河名都;7437;9
烟台;20181019;福山;松霞;惠景文园;9591;3
烟台;20181019;福山;松霞;银河明珠;12741;3
烟台;20181019;福山;松霞;河滨小区;7371;28
烟台;20181019;福山;松霞;松霞新苑南小区;6535;2
烟台;20181019;福山;松霞;银河小区;8140;19
烟台;20181019;福山;松霞;松霞新苑北小区;9596;4
烟台;20181019;福山;松霞;三联小区;8887;3
烟台;20181019;福山;松霞;松霞新苑西小区;7686;2
烟台;20181019;福山;松霞;银河小区南区;0;0
烟台;20181019;福山;松霞;规划局家属楼;8322;0
烟台;20181019;福山;松霞;银河小区东华商住;0;1
烟台;20181019;福山;松霞;永安街园艺场家属楼;0;0
烟台;20181019;福山;松霞;松霞小区;0;0
烟台;20181019;福山;松霞;东华花园;9160;1
烟台;20181019;福山;松霞;福苑;0;0
烟台;20181019;福山;松霞;新苑南街;0;0
烟台;20181019;福山;松霞;松霞路90-10号门市;0;0
烟台;20181019;芝罘;上夼;上夼西路;12230;83
烟台;20181019;芝罘;上夼;南迎祥路;22282;96
烟台;20181019;芝罘;上夼;紫郡城;22032;7
烟台;20181019;芝罘;上夼;今日花园;17470;10
烟台;20181019;芝罘;上夼;华联新村;14849;4
烟台;20181019;芝罘;上夼;第一国际;13255;12
烟台;20181019;芝罘;上夼;四眼桥;11621;25
烟台;20181019;芝罘;上夼;奇山路;10519;27
烟台;20181019;芝罘;上夼;奇山东街;10142;18
烟台;20181019;芝罘;上夼;翡翠路;9732;21
烟台;20181019;芝罘;上夼;上夼东路;11145;14
烟台;20181019;芝罘;上夼;奇山西街;11399;31
烟台;20181019;芝罘;上夼;塔山西路;10791;8
烟台;20181019;芝罘;上夼;上山路小区;10389;18
烟台;20181019;芝罘;上夼;塔山明珠;15178;12
烟台;20181019;芝罘;上夼;塔山东路;11250;17
烟台;20181019;芝罘;上夼;泰然名居;12925;4
烟台;20181019;芝罘;上夼;南河南崖;11874;18
烟台;20181019;芝罘;上夼;奇山中街;9775;17
烟台;20181019;芝罘;上夼;宁海路;11671;8
烟台;20181019;芝罘;上夼;塔山中路;10857;4
烟台;20181019;芝罘;上夼;上塔路;10324;16
烟台;20181019;芝罘;上夼;伯爵山庄;0;1
烟台;20181019;芝罘;上夼;上夼大厦;8840;3
烟台;20181019;芝罘;上夼;上夼北里;8219;0
烟台;20181019;芝罘;上夼;上夼南山散盘;0;0
烟台;20181019;芝罘;上夼;上夼西路12至21号院;0;0
烟台;20181019;芝罘;上夼;中拓房地产开发公司商住楼;0;0
烟台;20181019;芝罘;上夼;第一国际96号;0;0
烟台;20181019;开发区;黄河路;银和怡海国奥天地;13150;18
烟台;20181019;开发区;黄河路;怡海翠庭;10713;5
烟台;20181019;开发区;黄河路;华明星海湾;13723;12
烟台;20181019;开发区;黄河路;静海小区;11328;13
烟台;20181019;开发区;黄河路;天和静海苑;12322;19
烟台;20181019;开发区;黄河路;宁海佳苑;11018;6
烟台;20181019;开发区;黄河路;静海阳光海岸;12361;5
烟台;20181019;开发区;黄河路;宁海小区;9873;10
烟台;20181019;开发区;黄河路;金桥碧海绿洲;13517;8
烟台;20181019;开发区;黄河路;振华海滨假日花园;10743;15
烟台;20181019;开发区;黄河路;海琴湾;14299;2
烟台;20181019;开发区;黄河路;广源天际;11201;5
烟台;20181019;开发区;黄河路;静海小区;13689;0
烟台;20181019;开发区;黄河路;玉财公寓;0;0
烟台;20181019;福山;首院;阳光首院;10593;33
烟台;20181019;福山;首院;东尚蓝湾;10568;15
烟台;20181019;福山;首院;天府花园小区;7950;10
烟台;20181019;福山;首院;华安家合人家;0;1
烟台;20181019;福山;首院;永福园;8204;6
烟台;20181019;福山;首院;百年华府;0;0
烟台;20181019;福山;首院;阳光新业花园;10772;0
烟台;20181019;福山;首院;永达福源里;0;0
烟台;20181019;福山;首院;玉森明珠;0;0
烟台;20181019;福山;首院;产业区管委家属楼;0;1
烟台;20181019;福山;首院;百年首府;0;0
烟台;20181019;福山;福山周边;东陌堂新区;7611;19
烟台;20181019;福山;福山周边;悦澜庭;0;0
烟台;20181019;福山;福山周边;福缘雅居;5187;3
烟台;20181019;福山;福山周边;乡村记忆·山水园;6432;14
烟台;20181019;福山;福山周边;东陌堂如画;8267;0
烟台;20181019;福山;福山周边;香逸湖畔;7495;0
烟台;20181019;福山;福山周边;金华家园;0;0
烟台;20181019;芝罘;白石;御金台;12010;17
烟台;20181019;芝罘;白石;雪玉花苑;9593;14
烟台;20181019;芝罘;白石;大成门;14146;4
烟台;20181019;芝罘;白石;白石新城;10097;9
烟台;20181019;芝罘;白石;银都新城市广场;10801;34
烟台;20181019;芝罘;白石;青年家园;12539;7
烟台;20181019;芝罘;白石;阳光丽景花园;12457;3
烟台;20181019;芝罘;白石;新海阳东街;8708;7
烟台;20181019;芝罘;白石;青年南路;8775;12
烟台;20181019;芝罘;白石;新海阳西街;8556;10
烟台;20181019;芝罘;白石;建城丽都;0;2
烟台;20181019;芝罘;白石;青年路;10023;8
烟台;20181019;芝罘;白石;白石路小区;8685;12
烟台;20181019;芝罘;白石;西山华庭;9070;1
烟台;20181019;芝罘;白石;新海阳北街;9105;10
烟台;20181019;芝罘;白石;青华街;9525;4
烟台;20181019;芝罘;白石;长德街;8844;4
烟台;20181019;芝罘;白石;建设路;10652;14
烟台;20181019;芝罘;白石;白兰街;8865;4
烟台;20181019;芝罘;白石;建设里小区;8339;3
烟台;20181019;芝罘;白石;新海阳街;10328;1
烟台;20181019;芝罘;白石;新林巷;8184;6
烟台;20181019;芝罘;白石;白春街;8948;4
烟台;20181019;芝罘;白石;双新公寓;12660;1
烟台;20181019;芝罘;白石;新普街;8567;1
烟台;20181019;芝罘;白石;新庆巷;9475;2
烟台;20181019;芝罘;白石;只楚路付6号;10099;0
烟台;20181019;芝罘;白石;白菊街;9050;1
烟台;20181019;芝罘;白石;新石南路;8455;4
烟台;20181019;芝罘;白石;白梅街;9115;0
烟台;20181019;芝罘;白石;白秋街;8881;2
烟台;20181019;芝罘;白石;白夏街;9173;0
烟台;20181019;芝罘;白石;新光街;0;1
烟台;20181019;芝罘;白石;长虹街;8676;0
烟台;20181019;芝罘;白石;白竹街;8789;1
烟台;20181019;芝罘;白石;新照街;8498;0
烟台;20181019;芝罘;白石;新兴街;8400;2
烟台;20181019;芝罘;白石;白冬街;9523;2
烟台;20181019;芝罘;白石;新成街;9860;0
烟台;20181019;芝罘;白石;青平街;0;0
烟台;20181019;芝罘;白石;白行街;0;0
烟台;20181019;芝罘;白石;长青街;8304;2
烟台;20181019;芝罘;白石;长立街;8234;1
烟台;20181019;芝罘;白石;新石路;0;0
烟台;20181019;芝罘;白石;双新公寓南区;0;0
烟台;20181019;芝罘;白石;嘉德大厦;0;0
烟台;20181019;芝罘;魁玉路;魁玉花园;13807;5
烟台;20181019;芝罘;魁玉路;桦林·颐和苑;11058;22
烟台;20181019;芝罘;魁玉路;富甲小区;11977;16
烟台;20181019;芝罘;魁玉路;桦林新区;10061;23
烟台;20181019;芝罘;魁玉路;福兴佳苑;9692;16
烟台;20181019;芝罘;魁玉路;华新小区;10986;10
烟台;20181019;芝罘;魁玉路;青春丽舍;6184;9
烟台;20181019;芝罘;魁玉路;天赐椿城二期欢乐颂;0;0
烟台;20181019;芝罘;魁玉路;下曲家;8199;10
烟台;20181019;芝罘;魁玉路;傅家;0;0
烟台;20181019;芝罘;魁玉路;天赐椿城一期嘀嗒;9762;0
烟台;20181019;芝罘;魁玉路;桦林彩雲城;0;0
烟台;20181019;芝罘;魁玉路;德馨園一期爱上家;0;0
烟台;20181019;芝罘;魁玉路;天伦嘉园柠檬派;0;0
烟台;20181019;芝罘;魁玉路;烟台毅德城;0;0
烟台;20181019;芝罘;魁玉路;天伦嘉园;0;1
烟台;20181019;芝罘;魁玉路;鲁玉街;10210;0
烟台;20181019;芝罘;南通路;通世里;16361;44
烟台;20181019;芝罘;南通路;翡翠明珠;0;0
烟台;20181019;芝罘;南通路;青翠里;20279;15
烟台;20181019;芝罘;南通路;翠苑里;19770;3
烟台;20181019;芝罘;南通路;红旗里;19559;10
烟台;20181019;芝罘;南通路;环翠路;18216;10
烟台;20181019;芝罘;南通路;环翠里;19083;13
烟台;20181019;芝罘;南通路;通世路;14889;2
烟台;20181019;芝罘;黄务;山语世家;18256;10
烟台;20181019;芝罘;黄务;保利紫薇郡;17877;6
烟台;20181019;芝罘;黄务;三和绿景小区;12154;22
烟台;20181019;芝罘;黄务;金苹果公寓;9445;15
烟台;20181019;芝罘;黄务;柏林春天;10723;1
烟台;20181019;芝罘;黄务;香槟小镇;15022;10
烟台;20181019;芝罘;黄务;三和家苑;8746;10
烟台;20181019;芝罘;黄务;逸城山色;0;0
烟台;20181019;芝罘;黄务;寰辰佳苑;11357;8
烟台;20181019;芝罘;黄务;山语城;0;0
烟台;20181019;芝罘;黄务;黄务卧龙小区;9442;19
烟台;20181019;芝罘;黄务;红星国际广场;0;2
烟台;20181019;芝罘;黄务;金象泰吉祥家园;0;1
烟台;20181019;芝罘;黄务;香槟小镇2期;9418;1
烟台;20181019;芝罘;黄务;馨逸家园;0;1
烟台;20181019;芝罘;黄务;昊佳花苑;0;0
烟台;20181019;芝罘;黄务;黄务中学家属楼;8473;6
烟台;20181019;芝罘;黄务;鑫凤家苑小区;11105;5
烟台;20181019;芝罘;黄务;坤宇南街;9629;7
烟台;20181019;芝罘;黄务;篆山小区;10417;3
烟台;20181019;芝罘;黄务;锦绣新天地;0;0
烟台;20181019;芝罘;黄务;黄务教学家属楼;0;0
烟台;20181019;芝罘;黄务;东方盛景;0;0
烟台;20181019;芝罘;黄务;坤宇佳苑;10010;5
烟台;20181019;芝罘;黄务;798公馆;0;0
烟台;20181019;芝罘;黄务;爱汀堡;0;0
烟台;20181019;芝罘;黄务;香槟小镇状元府;0;0
烟台;20181019;芝罘;黄务;隆中路;0;0
烟台;20181019;芝罘;黄务;育林路2号附1-20号;0;0
烟台;20181019;芝罘;黄务;朱家疃;9974;1
烟台;20181019;芝罘;黄务;隆中路6号;0;0
烟台;20181019;芝罘;黄务;鑫龙家苑;18447;0
烟台;20181019;芝罘;黄务;地矿家园;0;1
烟台;20181019;芝罘;黄务;育林路6号;0;0
烟台;20181019;芝罘;黄务;富鑫街;0;1
烟台;20181019;芝罘;黄务;隆南路;0;1
烟台;20181019;芝罘;黄务;山语墅;0;0
烟台;20181019;芝罘;黄务;现代国际新城;0;0
烟台;20181019;芝罘;黄务;万润城;0;0
烟台;20181019;开发区;北京中路;越秀星汇金沙;9712;38
烟台;20181019;开发区;北京中路;金桥澎湖湾;9430;30
烟台;20181019;开发区;北京中路;中建悦海和园;10643;11
烟台;20181019;开发区;北京中路;黄金家园;9409;13
烟台;20181019;开发区;北京中路;富力湾;0;0
烟台;20181019;开发区;北京中路;中建悦海和园北区;8137;5
烟台;20181019;开发区;北京中路;招商马尔贝拉;11261;10
烟台;20181019;开发区;北京中路;中建洋房壹号;0;3
烟台;20181019;莱山;大学城;南山世纪华府;15752;67
烟台;20181019;莱山;大学城;南山世纪华庭;11344;76
烟台;20181019;莱山;大学城;海洋花园;14750;12
烟台;20181019;莱山;大学城;南山世纪星海湾;14162;11
烟台;20181019;莱山;大学城;清泉寨城中区;14829;20
烟台;20181019;莱山;大学城;万象城六区;19203;0
烟台;20181019;莱山;大学城;万象城九区;17161;0
烟台;20181019;莱山;大学城;万象城一区;17635;0
烟台;20181019;莱山;大学城;万光小区;13618;25
烟台;20181019;莱山;大学城;万象城;18381;56
烟台;20181019;莱山;大学城;清泉康乐宫;13606;10
烟台;20181019;莱山;大学城;烟台华润中心;16709;11
烟台;20181019;莱山;大学城;埠岚小区;15207;2
烟台;20181019;莱山;大学城;清泉寨城北区;12904;11
烟台;20181019;莱山;大学城;银和怡海天越湾;14837;25
烟台;20181019;莱山;大学城;清泉文苑;14416;7
烟台;20181019;莱山;大学城;橡树湾;6603;2
烟台;20181019;莱山;大学城;明珠花园;21797;7
烟台;20181019;莱山;大学城;清泉寨城南区;13172;8
烟台;20181019;莱山;大学城;清泉鑫卉花园;15457;5
烟台;20181019;莱山;大学城;祥隆上市里;0;0
烟台;20181019;莱山;大学城;清泉观海苑;47221;0
烟台;20181019;莱山;大学城;泉韵海景苑;13033;0
烟台;20181019;莱山;大学城;烟台华润中心;0;2
烟台;20181019;莱山;大学城;米拉公寓;0;0
烟台;20181019;莱山;大学城;万象城五区;0;0
烟台;20181019;莱山;大学城;城南西街;0;0
烟台;20181019;莱山;大学城;清泉寨别墅区;27983;1
烟台;20181019;莱山;大学城;搜酷城商铺;0;0
烟台;20181019;莱山;大学城;糖果社区;0;0
烟台;20181019;莱山;大学城;泉水坊;0;0
烟台;20181019;莱山;大学城;烟台大学公安处;0;0
烟台;20181019;莱山;大学城;烟台大学教工住宅楼;0;0
烟台;20181019;莱山;大学城;糖果社区;0;0
烟台;20181019;莱山;大学城;南山世纪大厦;0;0
烟台;20181019;莱山;大学城;清泉寨村供销社楼;0;1
烟台;20181019;开发区;万科城;万科城;12218;16
烟台;20181019;开发区;万科城;天马相城三期;10849;16
烟台;20181019;开发区;万科城;海晟花园;11147;15
烟台;20181019;开发区;万科城;天马相城二期;12864;23
烟台;20181019;开发区;万科城;金河名都;0;0
烟台;20181019;开发区;万科城;天马相城四期;11475;11
烟台;20181019;开发区;万科城;帝景苑;22891;3
烟台;20181019;开发区;万科城;柳林小区;0;0
烟台;20181019;开发区;万科城;豪景苑;0;0
烟台;20181019;开发区;万科城;骏景苑;0;0
烟台;20181019;开发区;万科城;泰鸿听澜湾;0;0
